{
  "total_time_seconds": 4.6065002251416445,
  "input_preparation_time_seconds": 0.3477663891389966,
  "dataloader_setup_time_seconds": 0.09167650435119867,
  "model_inference_time_seconds": 0.8897578129544854,
  "postprocessing_time_seconds": 0.001267043873667717,
  "affinity_prediction_time_seconds": 3.2736695781350136,
  "response_construction_time_seconds": 0,
  "confidence_scores": 0.909981369972229,
  "ptm_scores": 0.9225803017616272,
  "iptm_scores": 0.9597151279449463,
  "ligand_iptm_scores": 0.9597151279449463,
  "protein_iptm_scores": 0,
  "complex_plddt_scores": 0.8975478410720825,
  "complex_iplddt_scores": 0.8646975755691528,
  "complex_pde_scores": 0.5707868933677673,
  "complex_ipde_scores": 1.0039350986480713,
  "chain_0_ptm": 0.9159490466117859,
  "chain_1_ptm": 0.9147778749465942,
  "pair_chains_iptm_scores": [
    {
      "0": {
        "0": 0.9159490466117859,
        "1": 0.6161461472511292
      },
      "1": {
        "0": 0.9597151279449463,
        "1": 0.9147778749465942
      }
    }
  ],
  "affinity_LIG_affinity_pred_value": -0.1181640625,
  "affinity_LIG_affinity_probability_binary": 0.921875,
  "affinity_LIG_model_1_affinity_pred_value": -0.5234375,
  "affinity_LIG_model_1_affinity_probability_binary": 0.93359375,
  "affinity_LIG_model_2_affinity_pred_value": 0.287109375,
  "affinity_LIG_model_2_affinity_probability_binary": 0.91015625,
  "affinity_LIG_affinity_pic50": 8.345175781250001,
  "l6D9Z7_model_0_protein_mean_plddt": 90.1967738095238,
  "l6D9Z7_model_0_protein_min_plddt": 48.937,
  "l6D9Z7_model_0_protein_max_plddt": 98.976,
  "l6D9Z7_model_0_ligand_mean_plddt": 87.28,
  "saved_cif_files": [
    "boltz2_parsed\\l6D9Z7_model_0.cif"
  ]
}