residue	LYS1	VAL2	PHE3	GLY4	ARG5	CYS6	GLU7	LEU8	ALA9	ALA10	ALA11	MET12	LYS13	ARG14	HIS15	GLY16	LEU17	ASP18	ASN19	TYR20	ARG21	GLY22	TYR23	SER24	LEU25	GLY26	ASN27	TRP28	VAL29	CYS30	ALA31	ALA32	LYS33	PHE34	GLU35	SER36	ASN37	PHE38	ASN39	THR40	GLN41	ALA42	THR43	ASN44	ARG45	ASN46	THR47	ASP48	GLY49	SER50	THR51	ASP52	TYR53	GLY54	ILE55	LEU56	GLN57	ILE58	ASN59	SER60	ARG61	TRP62	TRP63	CYS64	ASN65	ASP66	GLY67	ARG68	THR69	PRO70	GLY71	SER72	ARG73	ASN74	LEU75	CYS76	ASN77	ILE78	PRO79	CYS80	SER81	ALA82	LEU83	LEU84	SER85	SER86	ASP87	ILE88	THR89	ALA90	SER91	VAL92	ASN93	CYS94	ALA95	LYS96	LYS97	ILE98	VAL99	SER100	ASP101	GLY102	ASN103	GLY104	MET105	ASN106	ALA107	TRP108	VAL109	ALA110	TRP111	ARG112	ASN113	ARG114	CYS115	LYS116	GLY117	THR118	ASP119	VAL120	GLN121	ALA122	TRP123	ILE124	ARG125	GLY126	CYS127	ARG128	LEU129
LYS1	1.0	0.782889373459062	0.3929180710236545	0.006026729777796112	-0.243856728670401	-0.27949499090648744	-0.33033425328107624	-0.19178173101872611	-0.21228282470151372	-0.23513290279882995	-0.23447302695198158	-0.14824856494806712	-0.15155967898653272	-0.20884185630911242	-0.34486118367979773	-0.08579108994201914	0.0064646444748841314	-0.009524773180773287	0.05900287998102766	0.02134567952861193	0.1842228517454389	0.13792158549746175	0.15047917518874382	0.035057284430923784	-0.02113856573385779	-0.08049865655672966	-0.07835715120998021	-0.028915747094982142	-0.06902366714196127	-0.13857965681816484	-0.05649641865165703	-0.03846793837626836	-0.08934413927468073	0.0484055385302932	0.1797156955365196	0.28397150555305495	0.2819358768920614	0.4007303819357765	0.5607641020602567	0.5419060165195749	0.223528582560993	0.16314931902980814	0.04007127892763476	-0.08408845077827687	-0.12473170338047139	-0.048203552517536066	-0.05809785498190765	-0.15057162783832542	-0.19398098458077204	-0.22968704668229178	-0.20927615496045393	-0.06211050742835405	-0.013648098369244924	0.22420417883131646	0.2897623882903171	0.15959404058691384	0.10432774935189781	-0.0074351102383304075	-0.09457769084469064	-0.1305434149826412	-0.2563729060950858	-0.14363789396623136	-0.15452114250334986	-0.07872811487324219	-0.21073641453558198	-0.21692403693468199	-0.26290515549744187	-0.20792302149262645	-0.13672125828883813	-0.12570468457052994	0.02623022834433398	0.035588020177150057	0.02418804092446974	-0.06481489569288068	-0.15700763455290714	-0.07346642175630075	-0.02163046302417179	0.007133290703237526	-0.049913946039263524	-0.06355801880413137	-0.06804065936246198	-0.03632172974843304	0.02734296218826406	0.09946811976742226	0.2546280476794439	0.30681695065317643	0.36785227362051165	0.29143682445581487	0.15688405943315326	0.03400992308115308	0.15213005315961306	0.18010477207199732	0.14049317971159328	0.008846211683070758	0.05679296404084076	0.10444590899002554	0.174557670137932	0.1726998503893351	0.14601098478125285	0.16135861018273093	0.24276852977866284	0.11081548428506227	0.09536208463355961	0.05742724896529626	0.09694484160550565	0.11607876045076952	0.13193414465088527	0.10244391620527368	0.023477229423145347	-0.05139892104895425	-0.08787339423295756	-0.062457703643889716	-0.08665777068544443	-0.16516000786613427	-0.18625563130288678	0.03056556267019136	0.05062181028473768	-0.05566544001964307	-0.1393718645865841	-0.22177643894525415	-0.2954423935287769	-0.13965901329280572	-0.031014147422400436	-0.13927767880073408	-0.09395919682720419	-0.15943246658712065	-0.17313722134259943	-0.20385735407218533	-0.12294379759480381
VAL2	0.782889373459062	1.0	0.6314105567723399	0.03686364097122901	-0.24106076868254325	-0.23154093666464207	-0.3032907336127797	-0.15855928644219092	-0.1458454490860436	-0.1989676215435899	-0.19919805022773876	-0.11867897991066506	-0.12766689111025395	-0.20466993435468972	-0.314974894693711	-0.10037077898518984	0.008211686000124297	-0.001981214753079301	0.05308567189513166	0.01113794778083844	0.16732341291116978	0.09186283873688454	0.09047319725041418	0.004006803988660609	-0.08457522414279348	-0.11806158356691857	-0.12406688967584845	-0.04423179874346229	-0.05273307088648074	-0.11541372905615824	-0.04526356087207796	-0.038707579078808625	-0.030122372957928835	0.08656636175046131	0.2151315673449146	0.3350042722906083	0.39697107681801874	0.5052713840074702	0.602985796929497	0.3763726743500688	0.1842979681518492	0.1196442161051209	-0.015276507280480654	-0.09017780189082453	-0.13442748193612952	-0.06891084083197327	-0.06908601807965047	-0.14022192211214365	-0.17595306176581604	-0.2195740158584134	-0.22247796726952757	-0.05050740011128449	-0.004387571183919714	0.15965130672350505	0.23103814520362442	0.10549946905653539	0.10341928077268968	0.006641179917900235	-0.08124378802763305	-0.018910503954031863	-0.14541750415001972	-0.08498447684894535	-0.12676877781862828	-0.057041741082485053	-0.17955328132700873	-0.16122065431299792	-0.13565954207621841	-0.09519497751342773	-0.04618738340026434	-0.018529727358696582	0.11866463315993407	0.07191894658723867	0.016982403857764155	-0.09213955920476409	-0.1322536282228369	-0.041294616463256564	-0.06957268628335811	-0.04351501983103984	-0.06795895065153919	-0.12704333234342205	-0.12597675513740464	-0.03375057458737926	-0.005877890888047888	0.012962716954899098	0.19610381779012223	0.24196249438039466	0.22989846209479214	0.21169043734861953	0.12925197827401777	0.03854851451156817	0.12560013208442508	0.15274397643015797	0.1187462588074527	0.03177852569096822	0.07412877708482724	0.09897853358310073	0.2032275466523459	0.1391506800323746	0.10289806012889019	0.12866279188518923	0.22392622222091754	0.09951511942015026	0.027446539154264843	-0.05953517313140671	-0.01794419445883103	0.04686402954286718	0.10808053935424784	0.07017912582561218	0.01783159995807092	-0.07030276606832506	-0.10278469538899446	-0.07307172366428186	-0.04595243607570914	-0.12970950160484526	-0.2112238758585196	-0.026221324896057656	0.007005706567486933	-0.1597937471807261	-0.2575087251441317	-0.2464050847876682	-0.32979881208392875	-0.06636315847966409	-0.09665228724048008	-0.17028575234434715	-0.073976016428123	-0.10992186153458	-0.05388302597247708	-0.043304129083161856	-0.09600809856965721
PHE3	0.3929180710236545	0.6314105567723399	1.0	0.48318302869290036	0.14024803726142343	0.050960950782450304	0.0557429873768243	0.152236054627732	0.08901787026002143	0.08786529752445851	0.08878436436103489	0.11408309069390404	0.08107636681948642	-0.019717634881630662	-0.12868644475547558	-0.1291921725432725	-0.049648356359095216	-0.08640057782096634	-0.10902925437877573	-0.11144922971679581	0.005659951889768748	-0.028100705505306012	-0.01854572681046055	-0.05058434435859001	-0.051945765301363016	-0.07968222905352335	-0.0586975021478022	-0.030660162315302844	-0.024565850799604556	-0.0202866483290077	0.05479912645422627	-0.016660220080921287	-0.01867977704091536	0.03834772437929512	0.2112138364331133	0.19501455212803329	0.28653641175625355	0.47586644348821555	0.41117384423583736	0.1703841938054878	0.12139734016704022	0.13925422451299485	0.01756620542467044	-0.015822658625288234	-0.09943961549189984	-0.04803640959197509	0.0016095172569948414	-0.07693983535006521	-0.16630479150731323	-0.2200476386347205	-0.17734648825986984	-0.013736828253692485	-0.001922523834978413	0.049404810895231785	0.1010763599420243	0.040569469526800135	0.09358038949272268	0.026826100616545414	-0.03239328957064778	-0.036835078677905614	-0.06297884349879547	-0.12806435910801903	-0.09050852407426851	-0.05481670981482842	-0.09240005753075667	-0.11609054299953317	-0.06109072656824697	-0.010735014689674175	-0.038724284585879995	-0.010287834492499176	-0.01706636649878554	-0.03325180731094203	-0.10771582407076395	-0.08928092965075109	-0.08161594198530772	0.02918167758762822	-0.06144422240603281	-0.050194543323561755	-0.10403359272197643	-0.09749305054961879	-0.08258449613339404	-0.021771666629378884	0.022130338608028016	0.05463623874651904	0.08881048987036198	0.04720150848939396	0.02278936175221951	0.010454535272820543	-0.040974925894221866	-0.07510214954318398	0.010625777416115537	-0.038802458691744014	-0.03341864840545463	-0.010932108653408606	-0.009066910993904276	-0.04913442951297238	0.029175317495832992	0.02450304443441897	0.01603878678064617	0.06897164420586858	0.14798631012679264	0.17847152701615812	0.06741757631551457	0.016194559705836612	0.006869288206919291	0.020695199881849088	0.06580079816609477	-0.019873303328790563	-0.11326628043920142	-0.12463936245143377	-0.044565459724780314	-0.04309652216808923	-0.0959819604090473	-0.10246695272337072	-0.06857600317949988	-0.19142009922617712	-0.1690562534897539	-0.26162762322411437	-0.22692553658054837	-0.14482060317737913	-0.14910747390638274	-0.003791002765652686	-0.09543607001889778	-0.07941175920593287	0.008148643362385863	-0.09602860701639748	-0.012102530818598627	-0.07506037778811692	-0.06899489138681618
GLY4	0.006026729777796112	0.03686364097122901	0.48318302869290036	1.0	0.6524866700002767	0.41653377736604974	0.436691228691211	0.3446571685984261	0.1986312963015198	0.17664714913412435	0.20275855661100273	0.19200384744491855	0.12396548939975285	0.08091948408376666	-0.037129071265508636	-0.09108167211010397	0.008047893791223176	-0.10357967675819513	-0.22068769119539808	-0.1596707910548894	-0.1501303842931164	-0.18282626317876238	-0.1480376764333388	-0.13217506033388626	0.004418264574386927	-0.007793821730032801	0.018870260339832162	0.010516217148846192	0.04845483441959155	0.07832672892054862	0.09018446208436978	-0.014727806048036533	-0.008507769860716522	0.03503759947904991	0.13415400995701734	-0.02497723741339361	0.062289339805544436	0.12940489410995662	-0.04011607692357986	0.02716476170086053	-0.03617513109852664	-0.036194846769594405	-0.1623396293540707	-0.13130681776392544	-0.16772724183482104	-0.0884600867917464	-0.037729099430529954	-0.057762519622072975	-0.11425769837803593	-0.13425721545702243	-0.10434862626352852	-0.03359965283316591	-0.07641531963530682	-0.10550823640007788	-0.08894115358341155	-0.010421304796926077	0.056789938159335696	0.052781198995418346	0.056494582584036876	0.11164911360578991	0.20242361900350161	0.15226704274379455	0.18463778874790476	0.11850749647506253	0.10028823281143993	-0.05634160992538016	0.01712126864446884	0.06397703977342313	0.04133748453493924	0.06585098238498913	-0.023075997977191485	0.057083850908568615	0.06327770513755598	0.11083600542557469	0.13453976234052756	0.19056141554016853	0.10177277407271776	0.041023427881170624	-0.018553665627919057	0.002682469069639299	0.012167398591698636	-0.05381636711089153	-0.09768847391852671	-0.06719176179832609	-0.079195038323856	-0.07815521842071783	-0.03185805176141847	-0.07552822195629517	-0.1232908889931903	-0.059454058358070536	-0.09230382253711207	-0.1327392416079873	-0.016375261152673716	0.0006083738314890832	-0.12334163138604466	-0.09737036188744688	-0.0695886601283865	-0.13058778270494795	-0.188329145463452	-0.1529367590451743	-0.06299478966767331	-0.005454050391110002	0.0009631963925115227	0.0018114294789326882	-0.018097977811354134	-0.03677888902685777	0.035844237535199074	-0.13084598722659288	-0.15960668596513972	-0.08063728370145701	-0.04322246514770504	-0.10022013450765971	-0.10158850618562179	-0.02876581390341607	0.09253278335473564	-0.23427176992962856	-0.2731051414671733	-0.2102350059340643	-0.14373201995300633	-0.06768340409656419	0.004092238388565848	0.06110725366161196	-0.07941222866825497	-0.019156607337779352	0.05493325937415473	-0.012325066099958162	0.1122818881499378	0.02370926595901483	0.0015822432907009784
ARG5	-0.243856728670401	-0.24106076868254325	0.14024803726142343	0.6524866700002767	1.0	0.7081501337005588	0.5553337892897762	0.45029795127154587	0.3608707567541831	0.30800546829878783	0.3322277806575216	0.233269192575563	0.1661392820494606	0.1630382661344397	0.025527647080027607	-0.16210491099319643	-0.06527876682328791	-0.07940990370667193	-0.14342880066821365	-0.098974693571416	-0.20758305372379574	-0.14499862670632746	-0.13454955589525053	-0.03927818913520225	0.07327508433345896	0.050318276197023025	0.02374306491167559	0.031271215090558205	0.043014434086463924	0.09884402207853842	0.06687236978377488	0.028336843256487988	0.06650990594433669	0.10138509669133816	0.04567731773187003	-0.1564991820925337	-0.13010364164152988	-0.08413117459395814	-0.22118242010985276	-0.1332530081696985	-0.17474081018230894	-0.16329324947741716	-0.23676691211166195	-0.19335251277139526	-0.16332252200661365	-0.17500219628724564	-0.12565329023372668	-0.08767328350149566	-0.10198049083869036	-0.09728000663583702	-0.09512899062499613	-0.11821378204391003	-0.15126834753162297	-0.21218099241090607	-0.17036750743096987	-0.1222825088978903	-0.09307717121635056	-0.048596661564863274	-0.004934303845127222	0.07926863373218314	0.24513758607268435	0.16982012374727629	0.1802497058467381	0.0861808397231921	0.11364523639233089	-0.07192535026400335	0.03091725703432575	0.10590618624038067	0.07488803373177236	0.12397963842368188	0.029495405599083476	0.09516451684116635	0.0864054315774986	0.12299237340949441	0.1431923875207193	0.10911614558992484	0.08096928235174226	0.025979398622758405	-0.005998013442868975	-0.003850046836463902	0.048074927876797735	-0.06870250815303945	-0.13378492873455344	-0.1647681027537114	-0.19409782963695835	-0.13278554191829928	-0.18001078340095839	-0.2390619307769881	-0.27011829911395135	-0.1263123204432921	-0.1576861464955445	-0.24716231352476364	-0.1314577618754894	-0.0991856099279159	-0.14006871099602702	-0.13843826634988385	-0.21331894148468183	-0.26697473422136203	-0.289170500719067	-0.23168254435419944	-0.14373022571628463	-0.011108573006642182	-0.04341183014224361	-0.05887257142460077	-0.05960150974348121	-0.09329969106037599	-0.04150418739399755	-0.15243848530252851	-0.1494554633854556	-0.026813410388817276	0.02143323817869803	-0.11077521284007653	-0.07417264822981444	0.015594471100028026	0.17146855603437225	-0.14407075273543993	-0.09475290655360215	-0.03631473708836081	0.03612366063204191	0.10898531667865193	0.18952127126402496	0.11469838587355907	0.1245525314289551	0.18177967798721253	0.1755822665233084	0.23562768836215972	0.26116754989801605	0.12222314988864874	0.08791516635394377
CYS6	-0.27949499090648744	-0.23154093666464207	0.050960950782450304	0.41653377736604974	0.7081501337005588	1.0	0.7131875821314584	0.5726748520369221	0.5483969644921303	0.5038575852953159	0.48028815427726756	0.3615011620862428	0.2780841807906462	0.25584420484993675	0.09523272454190716	-0.15854262027087387	-0.02800271814888457	-0.07503175805403803	-0.18960321497630614	-0.1463148982004466	-0.2979030742052551	-0.22375375592232938	-0.1328047618285972	-0.05160533068685205	0.05088467733285953	-0.0363112299563547	-0.040852450701502875	-0.03938255022228088	-0.062213587765402374	-0.06603012140945168	-0.050062239655639676	-0.05337389794313496	-0.006947317818924387	0.05878253101834092	-0.059851008320327234	-0.23318800003720705	-0.21129778595495852	-0.10371262847858992	-0.2678015616160476	-0.20734930295259643	-0.19026543759715628	-0.13177463671289552	-0.23588387235123398	-0.2258602723077018	-0.21269621769179134	-0.2351639041061057	-0.15086816893157978	-0.15144010808815267	-0.136665363889345	-0.1328260529080552	-0.09425107174482547	-0.09155102441934841	-0.14879085405753187	-0.19025817159236516	-0.2008495449704455	-0.20461965184620387	-0.1487922442133394	-0.14101155814803426	-0.08089933140436682	0.0071795684232299276	0.18332946594246877	0.13503387151688692	0.15317302385539946	0.09735264546189758	0.13967363063698884	0.011392453989608156	0.06973195540442433	0.12614253914653786	0.019634204067535903	0.03926125370537511	-0.025297863627315224	-0.022126004848828082	0.019529233301078724	0.07466653504958974	0.1431399243413493	0.08425046720154564	0.07170859302127183	0.02157429916441611	-0.0036298679953963952	0.034662689385752087	0.04754690460959492	-0.09385352816470602	-0.13562507596488504	-0.16267001779434154	-0.17528469044210845	-0.107700947865448	-0.23406120326137395	-0.2400065893413532	-0.28306051250640635	-0.14106918230972507	-0.222918109508722	-0.32879406460847704	-0.21905103286591107	-0.1926489741779991	-0.21456610585937227	-0.23935237982895477	-0.28530062186953237	-0.28050662648175095	-0.32378271987020507	-0.24972979910533616	-0.12435936479224417	0.0289506784688125	-0.06465086804867941	-0.03694964595291013	-0.0395276506257393	-0.008007987234139728	0.02981459028854778	-0.1203855172347493	-0.09777425488024727	-0.009679362179329562	-0.0556680644679401	-0.09936233975183222	-0.04068003109986184	0.04734533292116059	0.11716583737991584	-0.14942717578729445	-0.07517037356011992	-0.04392454524023465	0.07262965782308597	0.05890918944019746	0.13846413987861117	0.07204831696087491	0.10009093250563514	0.3624661616555754	0.37057718046846627	0.37227896752210776	0.47471714881984994	0.3354893493944443	0.28707364524152723
GLU7	-0.33033425328107624	-0.3032907336127797	0.0557429873768243	0.436691228691211	0.5553337892897762	0.7131875821314584	1.0	0.7548520365598308	0.5705041607583199	0.6379593524618186	0.6419434345878521	0.4889359954482399	0.4198794438544607	0.3925035963971473	0.23735843984984348	-0.056051960101296414	0.02939701487846304	0.04812675783738535	-0.041202977386245405	-0.0669221383683493	-0.24573029482816391	-0.13938371978861364	-0.04772177156008534	0.03624835287765473	0.20967947726035138	0.07665651069743101	0.06431722057822596	0.04736619526851083	0.029513212072886555	0.028831061896855477	0.0554814907587155	0.03272094964525445	0.05187978871297378	0.126907866639551	0.0764284468665909	-0.16799462847991348	-0.15608309370118023	-0.10162045392192673	-0.27101204513845045	-0.22055742135991943	-0.16685975559269187	-0.08965950000668182	-0.16143739856610972	-0.13778750531119496	-0.10560364992588238	-0.1222140453969063	-0.04046293961537391	-0.07053860832993894	-0.06847375435028286	-0.052661329693866846	-0.029769191947594482	-0.021061343469606864	-0.1601653537647359	-0.23642645978466148	-0.19532399465364933	-0.1224938992562999	-0.0735505208840492	-0.12994086201660388	-0.05934237070155451	-0.06298441821768744	0.13654945231151247	-0.004432914309952805	0.058537282828672134	-0.019231111882528754	0.02920844026581664	-0.021834524955310915	0.010416575038726575	0.07562539080748139	-0.06846955431235667	-0.004488462350975945	-0.085543449687177	-0.08527603409479706	-0.08142207813952534	-0.02175349347048026	0.009158273023421976	-0.028553937314150634	-0.08544926472025366	-0.1069104459139932	-0.12598675428606507	-0.03204502530607017	-0.07188421037928955	-0.1932947349869944	-0.17614885322450144	-0.16828043383616742	-0.181667498922002	-0.11979405006177207	-0.273301037067473	-0.25289279362227934	-0.3004177785394612	-0.20352390312453	-0.23099945429183374	-0.32096851372514423	-0.28084085742231063	-0.2351454585823431	-0.258430767524187	-0.2541777177727479	-0.2789436210799907	-0.2901002132494099	-0.2369036225573174	-0.15267207355456214	-0.045374575973383825	0.11270809614909881	-0.0412007307941145	0.006589145215157628	-0.02554569044201214	-0.03187938043754448	-0.014012577523535007	-0.12836173611248808	-0.10451737454913464	0.028456884362631264	0.05317468763493802	-0.02630121635134183	-0.023261174431193698	0.07589335168986315	0.15417418023268714	-0.13969916438858243	-0.1707006689499273	-0.0787787065003313	0.06898993161257086	0.09207892413260937	0.13152443788660606	-0.034101966807853226	0.03216198290559744	0.26171424912567365	0.15166450042435525	0.11036664306099188	0.16809635593273506	0.16059411417880684	0.14463417105632967
LEU8	-0.19178173101872611	-0.15855928644219092	0.152236054627732	0.3446571685984261	0.45029795127154587	0.5726748520369221	0.7548520365598308	1.0	0.7449051280161783	0.5975702796526314	0.6316161069569862	0.5271635675819527	0.4118673670627735	0.3390423480082431	0.11385571201890253	-0.15831416062121137	0.003686530637932528	-0.01889770293406655	-0.12500364895140423	-0.13186405318151492	-0.21428193555405187	-0.16529453377368913	-0.04792299456620415	0.01715719933915445	0.12152396940515585	0.02863093190135569	-0.0001611884966661305	0.047925676543085	0.027026833242241532	0.021005239250718993	0.10971566123943216	0.11887704987320286	0.1595706445299898	0.12443813724161928	0.062275841988066134	-0.07361487756541417	-0.07572850646255448	0.003947879141194125	-0.15994097235059193	-0.0914343259959026	-0.09390512648965631	-0.04729278557540445	-0.12735548662094098	-0.1714369516558897	-0.12478224017444647	-0.14745671995514611	-0.06351536673227617	-0.1279669049504645	-0.11921689432949929	-0.1580237590448595	-0.14124177394431497	-0.09498320606984467	-0.09837321501830464	-0.09733889141933871	-0.036547948246999355	-0.06839962034405771	-0.05891783261883623	-0.17666261934860872	-0.12173011008895966	-0.10179205443363457	0.01872781628484465	-0.07311144196896935	-0.0484944860216648	-0.10703779785076771	-0.08501617957112176	-0.07973692042969587	-0.04598877395826476	-0.03748014310648422	-0.15507621988926334	-0.0663305676388659	-0.017205499155104536	0.008925389534227066	-0.067802168745383	-0.05380345893433422	0.0063862751494963696	-0.0563812015256699	-0.06459984277531962	-0.0868786010060209	-0.10795377797454418	-0.04154625427520734	-0.03245142111675487	-0.12580493720167232	-0.09474883847257584	-0.0777875101238388	-0.1600887184056201	-0.13009706564157145	-0.193365155461625	-0.1479068194857875	-0.2171597710152092	-0.15610733846357402	-0.160933046156336	-0.2495247328566204	-0.27335876796819913	-0.23649512766950664	-0.173806484426969	-0.23167807645087105	-0.20802067815544947	-0.18288892642635535	-0.12010370572047638	-0.07357553270516379	0.031349623416705386	0.13613864130957434	-0.071499801890772	0.020344075680707587	0.055458689629755635	0.004753258093457411	-0.01862061725778704	-0.07830464886651659	-0.10196891465696847	-0.0009289403919745427	0.04373272090258115	-0.012190904195667485	-0.06053542308789049	-0.036583000474722745	0.026321638726550245	-0.12549532493481635	-0.09819253215250387	-0.10333489722739216	0.015405546472026722	-0.01767579744771969	0.030437534489059313	-0.12478157151026353	-0.017188815327845823	0.22189004447265168	0.13354024535324965	0.14597221602527372	0.18125551982563914	0.1874293375666311	0.17970817843664563
ALA9	-0.21228282470151372	-0.1458454490860436	0.08901787026002143	0.1986312963015198	0.3608707567541831	0.5483969644921303	0.5705041607583199	0.7449051280161783	1.0	0.7273496907064309	0.6025912550792214	0.5977075974104191	0.5879531545781402	0.44962216210295514	0.19748212494702028	-0.052177985904961026	0.12754109958016632	0.09135958822688665	-0.040270642338562125	-0.060360218077171686	-0.1503942096122279	-0.12439622935138892	-0.0004173616788408868	0.033028440672128526	0.14760060935520347	0.04454069650302581	-0.00997602139209221	-0.04640379055845048	-0.11219523940895797	-0.11285052498744268	-0.07353289516943354	-0.017100628089742477	0.038287834907515916	0.033375377185786585	0.02738490697996153	-0.024685649278991143	-0.05783940982462512	0.006672927385138916	-0.10417593866512985	-0.06556990371792287	0.05943096397886679	0.04813495511902047	-0.017635819343472883	-0.09047951914251251	-0.12497034288308073	-0.18001877554524923	-0.10698277384440004	-0.1962624294643383	-0.19137584726650875	-0.24265097105424244	-0.13857699885800612	-0.040075340677819336	-0.013622813744726058	-0.05424641638811846	-0.03795536063231342	-0.14247635372936485	-0.10827531429716293	-0.22180864010127033	-0.17280427063094797	-0.10962435154620837	0.005398772149795369	-0.08464955038088784	-0.06276355258157593	-0.02173375928808856	0.02730919985260948	0.09328325286499077	0.07051687902032759	0.09340629279965973	-0.09758741345570282	-0.06257942172990097	-0.08094670888966235	-0.042566546741753024	-0.040617467480685156	0.003628155474091465	0.011839541088355414	-0.06441321091717889	-0.04369258385959913	-0.02153841241161494	0.009180831193933073	0.05923420105407904	0.06964693643005634	-0.0496257769923973	0.02390115842484512	-0.012439045301990966	-0.11888092481157166	-0.14896519441971404	-0.19764873646482858	-0.18709204027139537	-0.20145437435095034	-0.18234561899401616	-0.1969674472697305	-0.3199027887407229	-0.29624136523590366	-0.24027079584722952	-0.2231103436428068	-0.24580278648343312	-0.18069496080921563	-0.16803553431337312	-0.20336358646467403	-0.169457636886658	-0.03208514830921035	0.049230949523801304	-0.13017558507126148	-0.039893933607464356	-0.0059041704026998355	-0.042771813072643654	-0.049817173988086536	-0.13435865692407045	-0.14950471247136535	-0.012291888658817866	0.0070804739643455395	-0.08563625257247727	-0.08013949755136543	-0.016301582579728947	-0.0017771735771050525	-0.17418632109691648	-0.19219702246928422	-0.2683814962126377	-0.11873625456285633	-0.1063845999336563	-0.05174210967606577	-0.056925341207351	-0.174286538823961	0.1865720226923697	0.24169556426345384	0.21234986165853584	0.30019045484393836	0.3385507017503705	0.24660332979254862
ALA10	-0.23513290279882995	-0.1989676215435899	0.08786529752445851	0.17664714913412435	0.30800546829878783	0.5038575852953159	0.6379593524618186	0.5975702796526314	0.7273496907064309	1.0	0.8116031873087384	0.6789961779067225	0.6904431277792391	0.6230066044449524	0.3308105100556895	0.06165876126712272	0.19016197321676537	0.18101963037025257	0.04209776934988572	-0.0025756495063608436	-0.10736514438409846	-0.05585589943794578	-0.005504331571374743	0.057476965749066265	0.2439586231905195	0.12549807448369285	0.06337390851470372	0.019857331967399437	-0.08137102988564317	-0.12617766108813114	-0.07069553893609559	-0.04641344213177864	-0.0728736851394426	0.0535508830946112	0.08495559506039331	-0.05372449302594483	-0.1337783387524945	-0.026884932117169885	-0.10860577093744975	-0.17427623108863483	-0.038959065319634785	0.09568601488429626	-0.03653643067375691	-0.09447071646915224	-0.12549619029687817	-0.12524200925173115	-0.04743885477522529	-0.13624549813442158	-0.16969293308756667	-0.20313199355988112	-0.03758284276749227	0.051024001211457615	-0.07592942568240009	-0.16763597307889555	-0.14757976647792703	-0.1878807347657209	-0.08374301415667211	-0.21921066889838695	-0.14417610445859563	-0.16622424583456633	0.05385752210137525	-0.11566788138508005	-0.09905475111821119	-0.09734847991517925	-0.034984572568230204	0.04387100612427746	0.028628293907001712	0.12331887473916364	-0.03428389383585117	-0.02137813815029248	-0.13093840831546058	-0.190803803862138	-0.14202837444005592	-0.078675772307295	-0.08074932337824677	-0.189683418493624	-0.1574520469232667	-0.13641934389514127	-0.09080309494577693	-0.010748050064575427	0.007523270584727909	-0.15188647236212638	-0.01826994035607476	-0.010148672540727054	-0.11025421243595583	-0.0833300925875691	-0.235570181435787	-0.27120438180001627	-0.34791513834414234	-0.338428935737333	-0.2583676539654418	-0.40249219236259803	-0.40849224952313656	-0.3127992314426243	-0.24901755208688264	-0.2223399392993544	-0.18349484109990202	-0.15472179546563997	-0.14652129359638613	-0.04902060640773408	0.09475383834407532	0.2339420535554366	0.009663923770074192	0.055834728710884275	-0.010303531173239984	-0.033103089678376114	-0.0855556202577366	-0.1893942512683407	-0.2623267154131808	-0.15293517111654797	-0.06416919292633823	-0.13472996248236427	-0.1734534589434258	-0.07726605180135551	-0.006912794037571725	-0.23278323856216973	-0.2286182006090989	-0.2601611575334156	-0.07320084715606269	-0.017137033875203395	-0.01063996650218005	-0.03334904243723871	-0.1119185568853406	0.29344279615545804	0.27144137451326417	0.1694290281536025	0.2369026471028318	0.2593993760385108	0.3110845292799366
ALA11	-0.23447302695198158	-0.19919805022773876	0.08878436436103489	0.20275855661100273	0.3322277806575216	0.48028815427726756	0.6419434345878521	0.6316161069569862	0.6025912550792214	0.8116031873087384	1.0	0.7736273796832684	0.6744037123961505	0.6358698058340384	0.3191157357749915	0.023623918440764946	0.14546578123368512	0.08266716741768435	-0.04027581303730936	-0.03278516951580561	-0.14262211575218403	-0.12330836117742025	-0.05938959908968479	-0.0008431487494110756	0.14080186369982792	-0.001049749857035176	0.0036828259989342177	0.026633732327128137	-0.09606202552831437	-0.15014335513692584	-0.06300742503638697	-0.0416842418130554	-0.11039676484644073	0.02425899939449353	0.026865296479567632	-0.07852818147146688	-0.15852138192869505	-0.05971311594396421	-0.15736504397068046	-0.19782774139916584	-0.11071208257842162	0.051171642723313863	-0.099124641782854	-0.15099933927751635	-0.14721939477747076	-0.14529525660473755	-0.07589329058189098	-0.1279887185838817	-0.12943208507588058	-0.1623173483326614	-0.04465427894591767	-0.001081806419760376	-0.13180979907521467	-0.2083267689490277	-0.1525576992358727	-0.1378742880862901	-0.06951539973038959	-0.22652515455902106	-0.12515398760462992	-0.11095635419588144	0.10047055465446815	-0.11115879858728585	-0.12500877183498887	-0.15944349825163126	-0.0511057783069454	0.051178818541079946	0.052255142399386764	0.14645214319912805	0.004393152166539048	-0.0440838195904639	-0.05504915762595379	-0.16191110125742753	-0.17578402414864353	-0.13605470306350662	-0.1455798257570458	-0.22730100282925603	-0.2509255370793336	-0.2198976553542473	-0.14312481032981586	-0.05879110768854428	-0.07192755149975985	-0.22852592917616524	-0.07903349690793614	-0.04618249137817993	-0.13833918673633344	-0.10466906661567643	-0.22289276952604267	-0.25140198340457465	-0.35089055367730165	-0.33726683031630156	-0.23138453462601213	-0.3922302994769433	-0.4102887581141786	-0.30647189629546095	-0.24155689990387938	-0.22263901892764767	-0.1544154208177971	-0.1694915205246823	-0.13809020895078075	-0.0016760521693110278	0.09783599934057276	0.2962474457759175	0.11002524591970163	0.11882731261396977	0.049434964796306755	0.005170988373696032	-0.07335577539427438	-0.1807094838855855	-0.22354551899754813	-0.172389972462026	-0.07059754416293172	-0.06971906260471034	-0.16537385228885712	-0.10612904023639387	-0.02882888709757361	-0.15800742064386739	-0.13249114656265196	-0.15361583699202544	0.012341431239226734	0.09298214749150346	0.12493241505071383	0.058802408100764744	0.007303810673366792	0.34909608891959587	0.27818334107163933	0.17878723679872657	0.2229655419118562	0.24369187102133397	0.305369011598346
MET12	-0.14824856494806712	-0.11867897991066506	0.11408309069390404	0.19200384744491855	0.233269192575563	0.3615011620862428	0.4889359954482399	0.5271635675819527	0.5977075974104191	0.6789961779067225	0.7736273796832684	1.0	0.8109945691955329	0.6922774836208561	0.42210378698584783	0.24534608230322055	0.3637204981335095	0.24619503528958286	0.004362187076418587	0.013082535684692791	-0.07365548018130263	-0.10542049268790708	0.009058633312372253	0.08212069484530926	0.21944023158224274	0.03262578804365258	0.05666973183238304	0.053594409159477954	-0.07214804109002065	-0.1293164193454534	-0.06442114318548103	-0.048298399328209195	-0.06940769015796548	0.047542037304902605	0.027542416508898784	-0.03937964062873889	-0.07912531925835393	-0.010709956862568752	-0.09487844568467216	-0.13444216373690948	-0.023369767856462415	0.03696819817679752	-0.09174516482270073	-0.1649249765701675	-0.1909627523208738	-0.2023506629225975	-0.13862248792624599	-0.20242927329746416	-0.2025051430600552	-0.21071536789425224	-0.12473132641797463	-0.02830390140378075	-0.12471685805235512	-0.16280420869009793	-0.12533563931616085	-0.13233064591252533	-0.05950962573249043	-0.1946886098699566	-0.12172421559620221	-0.10408814902184613	0.07242011114560272	-0.14001978479901714	-0.1320342006982802	-0.14090004693566674	-0.07872233831754867	-0.023957868960836667	0.022161027072229143	0.13366180421536522	0.04396712472804008	0.03535572732589996	0.02025783445917498	-0.10460352077559622	-0.14880064139271001	-0.12135852765137649	-0.12984940426730474	-0.20251884037813972	-0.20884684056908018	-0.20501215840267822	-0.13687096999851242	-0.04075344612506469	-0.008091203411075264	-0.19552058205854347	-0.06499547278280468	-0.055879735816479224	-0.04996652217780076	-0.06098243882209307	-0.16435533948706368	-0.17667356025422648	-0.24437220277203112	-0.26907820990348535	-0.18677768216279347	-0.32219110195898837	-0.3246765389492838	-0.24329139878866207	-0.20424100996555683	-0.2013320921546391	-0.09163752333783963	-0.14463819313926043	-0.12232880355816327	-0.04312163181744628	-0.030766380288696608	0.13240201295768514	0.03150409323552461	0.03321734688140471	0.00612253869664091	-0.029354126375533106	-0.08980310076209047	-0.19000334833363555	-0.21565836047533188	-0.107690960211111	-0.024044878058300044	-0.10815499380264681	-0.12414212445192026	-0.06305737723589439	-0.011493005707637994	-0.1866345710040325	-0.19152061822043906	-0.22767559492952588	-0.07834835435945667	-0.016528128501114465	-0.010981270242472519	0.05852379772775989	-0.036909515271990705	0.24031304721877078	0.22159680860432016	0.08699229823113754	0.17367238079075464	0.19229103132682782	0.24013495209854677
LYS13	-0.15155967898653272	-0.12766689111025395	0.08107636681948642	0.12396548939975285	0.1661392820494606	0.2780841807906462	0.4198794438544607	0.4118673670627735	0.5879531545781402	0.6904431277792391	0.6744037123961505	0.8109945691955329	1.0	0.7991616043323416	0.42601221773920883	0.26482296252541687	0.32458973573794697	0.2676994741675698	0.05387691886609923	0.03159333709979066	-0.0550127798804626	-0.0799644093887722	0.03842599260649224	0.1288371478270087	0.2637390737587279	0.10746018022541934	0.049350083061886346	-0.0034500438399440356	-0.12084883169163498	-0.15212682536847488	-0.13764360949255788	-0.09618573898066574	-0.0794117607765465	0.052066411369629396	0.08316463995968153	0.03757093879717906	-0.03643624805228508	0.005129529836363748	-0.049248159622116386	-0.09424982830593866	0.05296935941706696	0.09837692112607874	-0.04483088410956073	-0.11198045770810058	-0.17143178944910376	-0.20255670398757922	-0.14773926509120516	-0.239447159996784	-0.24166418383730584	-0.24691466400442302	-0.08559210881300196	0.03517891695681506	-0.04961305388523187	-0.12394156152462488	-0.07206400218353912	-0.10937121311882357	-0.034046586930452705	-0.1900987765462318	-0.08203846396165243	-0.11112328854068254	0.04256698434228726	-0.10032859927126948	-0.10903634572540898	-0.0727404626085738	-0.0032236031258828586	0.08358291859693416	0.04510066982536212	0.13982025372436463	0.04977504196253505	0.024398823274817	-0.014080019248886074	-0.10169368894261509	-0.08365173789050755	-0.044155368796347856	-0.06909865103924619	-0.18137065305474168	-0.1601904338848186	-0.12848553223558196	-0.0610213691167981	-0.0009795168893504149	0.03527537413865934	-0.0775270289017694	0.03732853329400486	0.01736413322761519	0.009623021204301944	-0.008456973344809049	-0.15238617032761814	-0.20564468315050502	-0.24959007602542527	-0.2997793263878415	-0.23624803377871076	-0.36070145150905697	-0.36043171555528886	-0.2769665817447449	-0.24888196415814842	-0.24321815020723397	-0.14215021485352	-0.17250381875548174	-0.13850548236310678	-0.06722293969822485	-0.007092587399702382	0.08832376502465507	-0.006707154607382231	0.007630685751008281	-0.03495550955983871	-0.035767680866024554	-0.07441950488389136	-0.2043093787398162	-0.26705393832295216	-0.10321554554381879	-0.009352362767482162	-0.12830822607507156	-0.11930470548937565	-0.03762534781046835	-0.027585649534035563	-0.21310258077697192	-0.261839781129502	-0.31224720173403625	-0.1499982052644354	-0.07723132797939301	-0.07924279237130018	0.0381317181705175	-0.14734800441628992	0.2157451703039903	0.21998704853730064	0.06943948761798974	0.17003559408636165	0.1913882747876233	0.23716039465721028
ARG14	-0.20884185630911242	-0.20466993435468972	-0.019717634881630662	0.08091948408376666	0.1630382661344397	0.25584420484993675	0.3925035963971473	0.3390423480082431	0.44962216210295514	0.6230066044449524	0.6358698058340384	0.6922774836208561	0.7991616043323416	1.0	0.6265901319192445	0.3904422617880852	0.32671953304251544	0.24591435746973567	0.027870417309501207	0.05861984027977915	-0.09145902814147305	-0.1051493523392117	-0.0385805101525126	0.12375285308664587	0.2411185948373152	0.0626810962987642	-0.0033512920218318337	-0.05645694663035433	-0.16467675753321678	-0.161493109181899	-0.16813571874157632	-0.0925439798504876	-0.11562241984387034	-0.0233695057049489	0.009702214017178532	-0.028733855384926767	-0.06628294091015619	-0.04366977180564444	-0.11777035237349735	-0.14532105114265445	-0.029512630724273733	0.09675428547246841	-0.019169272610546923	-0.07053369981780976	-0.12771247440370986	-0.1738904868940338	-0.10811385237545443	-0.16534223980060894	-0.18042861809975533	-0.17825549199130256	-0.004124285540743141	0.08022579885365784	-0.03491753047932533	-0.18049388032743133	-0.10514874030081917	-0.1262036479367917	-0.03497529551993824	-0.15925659590383842	-0.02297881904877483	-0.10716751619751794	0.09338591586049574	-0.04945854301517056	-0.09847183289840165	-0.12877134365164228	-0.013810845720811078	0.07327998348886261	0.0731802018919719	0.1687083535552667	0.00813899162412497	-0.004829501681406483	0.0007720512346484524	-0.05047181296033991	-0.0709805728442909	-0.04339033944408059	-0.04038704554535625	-0.19700533901904516	-0.21162845237935793	-0.20545415202642306	-0.11637297467854697	-0.04778104916727784	-0.0017441352732029396	-0.12124523692976173	-0.05873980142352179	-0.05941649660957453	-0.03579866584496323	-0.04800436784851681	-0.22553640549353846	-0.2669846340722289	-0.30623913911319733	-0.2917781750000951	-0.20424640787870413	-0.38269943650311017	-0.4081724133632152	-0.27188343990212505	-0.2301649277946232	-0.26419004877727537	-0.2087264923789992	-0.18634907086485716	-0.1492629496112363	-0.07120511342714395	-0.056757153206302806	0.1007794883825325	-8.492338028157168e-05	-0.005872029309176492	-0.037224673275633696	-0.04813399556714434	-0.09960879802191461	-0.16523411194793886	-0.20120523374615704	-0.09935252717084071	-0.003908705603938759	-0.07198772359067986	-0.10009301012946369	-0.013271589329280523	0.021245279600187517	-0.12561377367663945	-0.15106546488124012	-0.18974469126499363	-0.04932833592666478	-0.030688805480344604	-0.018490468493345447	0.015574618395368497	-0.08770550963461426	0.27761421725649305	0.2840420446837664	0.11300556326215892	0.1675877882700634	0.21074205486514647	0.2188941767184883
HIS15	-0.34486118367979773	-0.314974894693711	-0.12868644475547558	-0.037129071265508636	0.025527647080027607	0.09523272454190716	0.23735843984984348	0.11385571201890253	0.19748212494702028	0.3308105100556895	0.3191157357749915	0.42210378698584783	0.42601221773920883	0.6265901319192445	1.0	0.7324130893580431	0.44791547392864856	0.33539162010798085	0.08169474807823876	0.19043081573030377	-0.001443975680790634	-0.030420562158385477	-0.02483533925600699	0.09527485893534347	0.1585656161118465	0.03141773349964887	0.014470725494568262	-0.12576371571902256	-0.17765489611523075	-0.12198292175483712	-0.16718236235970724	-0.15810187943676762	-0.144768751430741	-0.24643104919927383	-0.2414457046775132	-0.2361115972218355	-0.13788089283042743	-0.2130258824348897	-0.2190369836476539	-0.22445618404691103	-0.10992246212214411	-0.09197921461989597	0.0636754231654754	0.21951766403652884	0.1747376219236849	0.1161853318298608	0.1357136892440399	0.1446927221768921	0.08042907513496075	0.126295705754398	0.14852973382819226	0.12331495665182143	-0.018663610390830244	-0.26061101347373583	-0.22316700113397692	-0.20449525173914135	-0.10814369679092109	-0.09039726177235007	0.05193086839407302	-0.17649199082449837	0.07232108112308899	-0.07536643348360778	-0.12711334181413378	-0.18223350757021584	0.009747182163907924	0.06263795802518016	0.14717283773219103	0.1694049681269251	-0.015081628414589484	0.011789225960865382	0.052297530509549175	-0.019808073650821215	-0.08519169274991277	-0.08026601544017353	-0.06955186463666756	-0.13047364302159659	-0.17232797157239504	-0.1740864529935277	-0.11100104222201201	-0.18181441206894244	-0.03620120102480733	-0.09467423343870436	-0.11652480921803651	-0.09984585848769859	-0.02674110175010206	-0.18440585822428923	-0.2562045568678715	-0.30585127200290285	-0.2917045337793733	-0.19067556675834674	-0.19472916147839747	-0.3199476452614684	-0.35052621162069214	-0.19771104607263562	-0.17904931496019727	-0.19126270594208072	-0.16504141393507396	-0.18631406880279142	-0.1108016291529241	-0.09089766238816956	-0.26776060711473193	-0.048198276916590614	-0.040693032082581654	0.0068144694881855025	-0.0364236038876871	-0.11021452974821236	-0.18845743354007852	-0.1885738572098551	-0.09145791352384817	0.010596893445720573	0.15215410011643593	0.06076197300701647	0.05285499819195567	0.2162196475593638	0.22990805209565512	0.04225606680996395	-0.0951881277110215	-0.04715394508067506	0.07304512911167967	0.06354823383822693	0.10224537669286517	0.1635720942554051	-0.0503786855346944	0.05596664566382986	0.13564288257464419	0.04793988958138692	0.022350967655339633	0.04090322430316209	-0.10659850626693158
GLY16	-0.08579108994201914	-0.10037077898518984	-0.1291921725432725	-0.09108167211010397	-0.16210491099319643	-0.15854262027087387	-0.056051960101296414	-0.15831416062121137	-0.052177985904961026	0.06165876126712272	0.023623918440764946	0.24534608230322055	0.26482296252541687	0.3904422617880852	0.7324130893580431	1.0	0.6948711909623854	0.513612280568228	0.20303244813903634	0.35805483304038604	0.15975563468737303	0.07608833866343978	0.10657051646996177	0.14805184678654973	0.15365455592534427	0.011204137038062504	0.0022823518520659375	-0.024468028944369197	-0.07449562067851592	-0.08211115984818376	-0.08990967278910385	-0.10197489110677058	-0.11186136532460707	-0.21022858591134588	-0.17027029546632605	-0.13114922130150655	-0.02432752584493646	-0.09721562556709895	-0.05477492343662583	-0.06603873812515271	-0.005090491692923833	-0.09426745530977669	0.09442259702776884	0.19045417079153282	0.1659006410873828	0.15380700079220322	0.1380122673023516	0.12993784945539955	0.06203595729688981	0.11909598334470585	0.08395299677401882	0.04596217400540771	-0.03492198532453435	-0.17462026484574314	-0.11439646920254817	-0.07783918934847392	-0.07096781331447616	-0.07291822183148633	-0.0007036301281791057	-0.1468834793674068	-0.001114250332066635	-0.027971368337249045	-0.13293726939424874	-0.12758783656758432	-0.010598473462918824	0.008390708782547288	0.08046498842162675	0.08445041522285109	-0.001514658780875876	0.007123273342775027	0.0872151826198157	0.05276045378302618	0.0074132912807113455	-0.056910995603491256	-0.10104606039381175	-0.1432775659979553	-0.13535749491479632	-0.14806202956678383	-0.08608785906031727	-0.2041154917458422	-0.05083005988150243	-0.07543837002501674	-0.0854614599829493	-0.08096834247741891	0.08387895038429757	-0.07224908204760468	-0.05705539957491425	-0.1488730930267915	-0.14403963394630961	-0.15168972704757544	-0.13092772016404813	-0.1619560129833902	-0.19197887159109786	-0.08684499230818113	-0.051987985526391806	0.025879356600407827	0.05848046775169717	-0.049583573317171274	0.010493723775834539	-0.003033163933785852	-0.19631794763968433	-0.08059767322225513	-0.01635345660730722	0.007319396994690663	-0.03607581614142629	-0.08862636064708145	-0.1618609581005612	-0.15963432151703674	-0.09071667870361258	-0.033671379457576305	0.11461998802076521	0.04384039067695017	0.0284614994060201	0.14238369871677864	0.1289405678177273	0.04408357198267896	-0.08791794947625059	-0.09090923403590478	-0.09289883862535132	-0.05240686880658029	-0.06717395970874626	0.14321300600015374	-0.07083142797596395	-0.1629760440275811	-0.07342208149614397	-0.1605919979874484	-0.14435692318360782	-0.13009951526120858	-0.23108758762762965
LEU17	0.0064646444748841314	0.008211686000124297	-0.049648356359095216	0.008047893791223176	-0.06527876682328791	-0.02800271814888457	0.02939701487846304	0.003686530637932528	0.12754109958016632	0.19016197321676537	0.14546578123368512	0.3637204981335095	0.32458973573794697	0.32671953304251544	0.44791547392864856	0.6948711909623854	1.0	0.7401326624638642	0.36665722967581954	0.5121624315845684	0.2512794698697917	0.13447436134707993	0.2846303631200306	0.3090102125604355	0.22702386556351445	0.02158254171818185	0.06015141922161965	0.06847225025208402	-0.019264957155510583	-0.03783377948634789	0.02555602229361273	-0.034013458703578484	-0.043641379857403656	-0.10899357028834833	-0.014184431525296533	-0.02192656908258473	0.029931258621237893	-0.017278774094504953	0.015256895095873316	-0.05127965986722871	-0.01347249588393279	-0.05743872067342193	0.00661759734214139	0.0858257654496977	0.0681374511948279	0.027134196657007507	0.020246819625213727	-0.04079641266765471	-0.029618034123840523	-0.01937208300400657	-0.022428636179428266	-0.03729093375160437	-0.08064514935202537	-0.14274959701261072	-0.059780349011620666	-0.0889862080279634	-0.09374272886947674	-0.18791007485558642	-0.144216134790654	-0.14048342032213837	-0.05602166401929541	-0.05914874005078624	-0.2140895196632749	-0.18999296058393175	-0.09190768996992305	-0.011190705284839682	0.06812498185237567	0.09625528793416822	0.006720429711215944	0.009305834841246214	0.1340183838872659	0.05883404297840865	-0.005387114795060208	-0.14096361865053877	-0.1709240147149512	-0.22467379527720724	-0.20013085964521612	-0.22409547396414883	-0.09360533054369896	-0.19075413293019108	-0.09554309769164629	-0.13885846323839648	-0.15516431729733232	-0.11466526770337333	-0.0243847685368598	-0.06320677990092789	-0.020886161458114404	-0.08504559401299348	-0.08567014833649393	-0.17677242834591558	-0.1984748662910594	-0.10865977208832099	-0.10452526944606169	-0.1145583680620255	-0.060392751484318746	0.14577003628831403	0.1883782136994966	-0.06243214007656472	-0.024491956674713097	0.02542886858915521	-0.14179427056350413	-0.07537735919171526	-0.06417412056988389	-0.004879848820057682	-0.03277156577525024	-0.09502130843790048	-0.14099907891104332	-0.18738766525577608	-0.13990385609930683	-0.028850671927725193	0.0962395347699147	0.010995346138557712	0.035779952035747346	0.10806914864105778	0.06062168894107586	0.022322220579669257	-0.10848492297469127	-0.1651152347853282	-0.2108470705183648	-0.18632881352488176	-0.2517418617149818	0.009715024604212875	-0.14805728608507823	-0.1767931155700713	-0.11869126485010482	-0.12195722493075128	-0.003902681513586028	-0.010764098303862452	-0.17305944710966606
ASP18	-0.009524773180773287	-0.001981214753079301	-0.08640057782096634	-0.10357967675819513	-0.07940990370667193	-0.07503175805403803	0.04812675783738535	-0.01889770293406655	0.09135958822688665	0.18101963037025257	0.08266716741768435	0.24619503528958286	0.2676994741675698	0.24591435746973567	0.33539162010798085	0.513612280568228	0.7401326624638642	1.0	0.6975469553756153	0.598104730364921	0.3571790920444282	0.4289971151439625	0.5120075647947177	0.5198928852478223	0.5019589475286201	0.265107985135905	0.21214592795866666	0.18821896277957606	0.16964103609240486	0.14344066864493213	0.0703254826915463	0.0073254400176413085	0.07586093164333801	0.013020090427763285	0.03480194365635695	-0.02900322728696079	0.04594547471812445	-0.029618070465185886	0.01519667195753193	-0.07088107043955325	-0.0460080892083031	-0.03148405332265564	0.023308680356638866	0.10331358762627399	0.12053431934209301	0.07012053799252817	0.062265480623598955	-0.024504044707257283	-0.001397636081625844	0.010421042219562051	0.0175686895845436	-0.037639613991009485	-0.113888880309196	-0.16334286197719505	-0.07944784600800492	-0.13726914529093157	-0.14133487025705985	-0.2427576583822787	-0.1852178310269449	-0.17012742771309836	-0.07920660239470292	-0.12309903525663675	-0.2705074371689936	-0.24641631906185896	-0.14422967438828696	-0.028365850134584678	0.01988138489317181	0.04336120237906043	0.017826986935888325	0.07711799068981703	0.10471296990432145	0.046905676163931875	0.014399345569187772	-0.14116749476711754	-0.23513192615043904	-0.3009145261977779	-0.27053564136070557	-0.26528873660408503	-0.14905584926829543	-0.24125090527210832	-0.1646765647116955	-0.1815300427595515	-0.15669296240457367	-0.12398089385808406	-0.014273197382945803	-0.09615984512221959	-0.09031512845745548	-0.19145001899862585	-0.16146136473203565	-0.19648794386268414	-0.20034780194251614	-0.10431200668130886	-0.16454096674066693	-0.19549569373478073	-0.12517758062101628	0.048713379591043715	0.07490771938560226	-0.15075602231093344	-0.11787546116395041	-0.029393978941425283	-0.1409651894433563	-0.10797774615269028	-0.15479079090869455	-0.05848603617156993	-0.0030067238990573526	-0.11893953086854249	-0.1123699620368533	-0.1392479046599098	-0.0746204731180914	0.0676336596867645	0.14811440293177114	0.0028779692803655747	0.07479858807170536	0.1962881522372979	0.17092610332409475	0.05290159013447448	-0.12201552454023576	-0.07347181274251427	-0.12208414075677441	-0.12007412399953156	-0.19215102835981335	-0.10728495526042828	-0.08583320647293308	-0.19042617972741452	-0.2674211753014255	-0.16178935632035157	-0.11284827806428152	-0.10503901308251108	-0.23600373549820683
ASN19	0.05900287998102766	0.05308567189513166	-0.10902925437877573	-0.22068769119539808	-0.14342880066821365	-0.18960321497630614	-0.041202977386245405	-0.12500364895140423	-0.040270642338562125	0.04209776934988572	-0.04027581303730936	0.004362187076418587	0.05387691886609923	0.027870417309501207	0.08169474807823876	0.20303244813903634	0.36665722967581954	0.6975469553756153	1.0	0.7322894685064787	0.5685022170692073	0.7257375482429568	0.684101775901363	0.4863645282135011	0.41890065822931877	0.2114125264988884	0.243694664761862	0.21200358215530507	0.18508795336556005	0.17467093139623616	0.1367760262965366	0.1158801937992448	0.1390901263868761	0.08726512484039839	0.13213563232769662	0.06822269116693108	0.056554334864224114	0.0034427689499238346	0.08387364292192882	0.05181693809598084	0.09242475410748237	0.06740644775759626	0.04972176946691639	0.11607344736054458	0.10977749951046413	0.08975850812084846	0.025426995468574937	-0.03420905211515452	-0.022118374490137562	0.014913237675901289	-0.002244632722605213	-0.019809606627791177	-0.04965153588369654	-0.0021992170994680495	0.07598367118605874	-0.05482825987428262	-0.07220589972047275	-0.16042788012194556	-0.11834518386428138	-0.11784057855162465	-0.20938383738621888	-0.2112448017819362	-0.2953472301431246	-0.2119160746769916	-0.15595935350667028	-0.019971624808484842	-0.035141944855159785	-0.017912767138639634	-0.014679077340237203	0.06404751205696955	-0.07382039519032649	-0.0846445418795894	-0.07837682543165622	-0.19967524638067366	-0.3343330933554754	-0.31419007782104613	-0.26755297159741587	-0.22666176091456255	-0.1489161472175067	-0.20277765058487213	-0.1754063927783656	-0.17015721585614166	-0.07260579325001812	-0.017494458742639926	0.04284892891724179	-0.029456913421205516	0.0006536415609928035	-0.09203566022973905	-0.07665309525144272	-0.1372646313686402	-0.15496725042008877	-0.03231353154920787	-0.11242829177668819	-0.16406711129923535	-0.08000193490051526	0.0889914870960982	0.11284628693009989	-0.057333957506197304	-0.02052417993726226	0.07356001239696047	0.036312068583301355	-0.07139232162504813	-0.16734014409920994	-0.0617542527248986	0.01865960148330832	-0.1139376316985747	-0.1020674794869309	-0.06711043914549165	-0.013710194652974536	0.1200141800290457	0.143165110728603	0.025237714768081128	0.09070986963987006	0.20574475184404659	0.1506622172870055	0.15772214338476848	-0.028012848597420516	0.011187858604083063	-0.06231338480672097	-0.1351445161173627	-0.21273979997107456	-0.25360463235102615	-0.12148431311347149	-0.2539719183572102	-0.3371630003929113	-0.1991303266201101	-0.27123314954965655	-0.22163229094535938	-0.2892025372313349
TYR20	0.02134567952861193	0.01113794778083844	-0.11144922971679581	-0.1596707910548894	-0.098974693571416	-0.1463148982004466	-0.0669221383683493	-0.13186405318151492	-0.060360218077171686	-0.0025756495063608436	-0.03278516951580561	0.013082535684692791	0.03159333709979066	0.05861984027977915	0.19043081573030377	0.35805483304038604	0.5121624315845684	0.598104730364921	0.7322894685064787	1.0	0.7179325741915454	0.6260366179763409	0.5819425066543704	0.37183062136341016	0.229457778210752	0.0026359175360667494	0.07825374267930194	0.11611966559531386	0.07286814097883672	0.06385838940679602	0.09044042445434342	0.0718901385426626	0.12275651937889792	-0.009931906583987238	0.039841158308799675	-0.025541925795870245	0.0395560842367466	-0.0014625100251656616	0.01683433967995008	0.012818218502326948	0.06049255151685602	0.013109214234148554	0.05486718618548289	0.14280170101052655	0.12783555764749954	0.11570359640905252	0.036786778606088484	0.01851007882472167	0.020959809332474263	0.049558141544834074	-0.0003387591114035503	-0.05101525669978191	-0.08297311459433014	-0.061344415162980476	0.04773111853392499	-0.046848381397078885	-0.0832784480441762	-0.16246406554684542	-0.0955132291883232	-0.12862031782883435	-0.20135919439128225	-0.14633220982808973	-0.28378834293813937	-0.22325318788277365	-0.19287038080871122	-0.06526761318360788	-0.014945345935916097	-0.014138332544045862	-0.07804858034251252	-0.041624051263037164	-0.02313897577557667	-0.013664309369386438	-0.06632784984305021	-0.1891587546853604	-0.27474670826348535	-0.27023245490093345	-0.24913970955299122	-0.2514579789882726	-0.19853755803093848	-0.30433419331110895	-0.20625845451816105	-0.1974216749071868	-0.14318748298248637	-0.04401273028735248	-0.006638271564248977	-0.07683139857422244	0.007441891264855151	-0.03763573864239181	-0.0632621621069887	-0.1828587046139262	-0.18582727485381534	-0.05421018680213127	-0.08927314798874171	-0.08828514582103177	-0.001842961333182105	0.19025432603424228	0.22512459230164386	0.05140016237681697	0.09781331120198435	0.16679301752606213	0.03263643276285721	-0.031021347216985854	-0.06933005649350647	0.01753645057311543	0.040229652480043517	-0.06100645098221956	-0.09545833949976198	-0.020232927740221392	0.013044809667600202	0.12364333400179095	0.15606253188161948	0.08392887825405777	0.1159830921230934	0.2176890082495644	0.09696030508141905	0.17416098359157017	0.017873551575830898	-0.013385410900638179	-0.11820369755864453	-0.16469502950122722	-0.24814662849798036	-0.18867430379139535	-0.16479622961032783	-0.2789381160431996	-0.2738022727185914	-0.1588436916391084	-0.21903989037009772	-0.1924868371017839	-0.3064649810141712
ARG21	0.1842228517454389	0.16732341291116978	0.005659951889768748	-0.1501303842931164	-0.20758305372379574	-0.2979030742052551	-0.24573029482816391	-0.21428193555405187	-0.1503942096122279	-0.10736514438409846	-0.14262211575218403	-0.07365548018130263	-0.0550127798804626	-0.09145902814147305	-0.001443975680790634	0.15975563468737303	0.2512794698697917	0.3571790920444282	0.5685022170692073	0.7179325741915454	1.0	0.7514458277775834	0.5591906048118208	0.2643584561536939	0.14634191348605813	0.03266475590683448	0.08079280920636678	0.08603779682347001	0.08948153704975725	0.05015295735503172	0.100323375272696	0.0742229841155144	0.053761609319079424	-0.010204850685357154	0.04051689993858237	0.10749268147731081	0.12237865099397265	0.1416569377306342	0.2158924003206574	0.16495831102236538	0.18083388626188718	0.1450684290363304	0.1394890602857801	0.16061117262359362	0.10173025620132992	0.11190625999370452	0.037003811472193504	-0.004539977897329959	-0.04017904970789114	-0.02319283135275142	-0.05780682929711103	-0.03590700680992747	-0.03643072111097413	0.06812476882851139	0.13829633391423685	0.00322182152077181	-0.023254957647031164	-0.15677319550757474	-0.10708849691874553	-0.14260389578951443	-0.3106636767092479	-0.3016306174817877	-0.3977650945692878	-0.27603020410487084	-0.29162554744092173	-0.1518149877590805	-0.14188247778628274	-0.08402075150526489	-0.0973961779930223	-0.032458854904555565	-0.0017142361829200876	-0.07343679847783535	-0.20868571036396297	-0.2782827617792767	-0.3870785850322466	-0.32728962324150224	-0.2539977726191522	-0.24521450314760143	-0.20720018574965554	-0.24875045320438843	-0.1629303501453151	-0.1493219095503783	-0.029552376995203525	0.09707607962771163	0.11223560158310072	0.05355188031497875	0.16383499490559517	0.10548033786666608	0.046844780621183586	-0.12508196526164256	-0.053139724410702	0.09390368380071273	-0.073916829568709	-0.11571987770997748	0.07010716738204946	0.27686205139195685	0.3403490647251765	0.2304402869802093	0.3025968026965094	0.37915379856269527	0.18919592716467432	0.06407046645279756	0.04618039414323137	0.08363940712307029	0.08838064466297513	0.009952871435748622	-0.07531570438341519	0.05059179442406396	0.031434427454282876	0.04887274772179979	0.0835273562863196	0.08413912218471215	0.05908919912604438	0.11322840859715892	-0.028204345696765172	0.09881798249647741	-0.03929630610726137	-0.08630782366940332	-0.1715275774539697	-0.21180579962965132	-0.2665165519707209	-0.18309105044546187	-0.15355602483699982	-0.28394878616069397	-0.2691967414681766	-0.18406386919628448	-0.25683915774810007	-0.22927241550230565	-0.2573523698663802
GLY22	0.13792158549746175	0.09186283873688454	-0.028100705505306012	-0.18282626317876238	-0.14499862670632746	-0.22375375592232938	-0.13938371978861364	-0.16529453377368913	-0.12439622935138892	-0.05585589943794578	-0.12330836117742025	-0.10542049268790708	-0.0799644093887722	-0.1051493523392117	-0.030420562158385477	0.07608833866343978	0.13447436134707993	0.4289971151439625	0.7257375482429568	0.6260366179763409	0.7514458277775834	1.0	0.749619612158684	0.4701102357517627	0.3746899556947114	0.2078550560931876	0.2329594173675611	0.18293638624125858	0.18301551419312287	0.15374726921788529	0.14066409024842128	0.1343375136889521	0.13748119882934132	0.06477044978774685	0.07236892649731605	0.004756415554533169	0.06800856345771975	0.06295211268458129	0.11691659603792202	0.07646236617386683	0.07290598874483764	0.09008876010264712	0.10957058129519288	0.11083240568410026	0.13288879285505262	0.09857339519721779	0.029654942603977608	-0.0007300992822996678	0.007027306402419945	0.04392670845819647	0.0006392021169871205	-0.11751676650551952	-0.13534112350234265	-0.02819839329587253	0.02743488389532742	-0.15617363427998365	-0.19442522733847642	-0.262476987939764	-0.2115822577919955	-0.1690607114801572	-0.325093841032384	-0.33068638146757184	-0.4080535041696442	-0.2818382359255477	-0.2375573505751421	-0.09265339763308575	-0.10109350392108095	-0.06270060193498991	-0.02335181211997897	0.016642397538214854	-0.06716505167561228	-0.125552713540078	-0.20464034875858855	-0.29308247066328474	-0.4201567925782972	-0.35053309677741806	-0.29698433124027607	-0.2575736483481326	-0.21544336031603442	-0.248471914089969	-0.20020702082010539	-0.18770165472802813	-0.019835723047033748	0.061998948167237944	0.07355709810754199	0.016874106715114537	0.08846320560494951	-0.03472072143048745	-0.07377870252954755	-0.187786559188019	-0.12153242873142933	0.020416247874360253	-0.13620910445478498	-0.23052528475025105	-0.018832092493283242	0.1112869942121779	0.09663594392430035	0.018029524974091462	0.12214130400471851	0.21641480983590666	0.11469559565689863	0.0030244255633533846	-0.039741360464931236	0.031475878848159	0.11345119825652829	0.0013426406110128859	-0.005811359454837206	0.097536978077945	0.08954571115462433	0.14455858126550128	0.16977016831294645	0.09978420572880313	0.11182244207376915	0.1692210481439012	0.07540750339904229	0.1563582149724978	0.08499812347620476	0.0913663116034207	0.009643420229477562	-0.05522216826936477	-0.13295607810972482	-0.24507671091886515	-0.036580894583296414	-0.19831752269652786	-0.3183443244947798	-0.19521249072965474	-0.2886054589123348	-0.2357819108152879	-0.22988581619355106
TYR23	0.15047917518874382	0.09047319725041418	-0.01854572681046055	-0.1480376764333388	-0.13454955589525053	-0.1328047618285972	-0.04772177156008534	-0.04792299456620415	-0.0004173616788408868	-0.005504331571374743	-0.05938959908968479	0.009058633312372253	0.03842599260649224	-0.0385805101525126	-0.02483533925600699	0.10657051646996177	0.2846303631200306	0.5120075647947177	0.684101775901363	0.5819425066543704	0.5591906048118208	0.749619612158684	1.0	0.6776988906120458	0.4673752620287544	0.2181660704167418	0.28415409637728717	0.23054077275070897	0.1854586413589359	0.1323765618462824	0.14001603885979413	0.10989610484284139	0.1971394712207282	0.07460741041136883	0.09549178116035273	0.00814401275510866	0.07290620630874185	0.030983517947128704	0.09127427262890545	0.08508596465881363	0.08749279843571886	0.05642264611382521	-0.007523184420426204	-0.02505905592366726	-0.018433677445185183	-0.0787961651917301	-0.16032667977086187	-0.19758310923821296	-0.168904131085472	-0.12466703135629081	-0.16456594060310115	-0.19442072745290095	-0.12714701519799065	0.01620107256926368	0.08841377531829363	-0.07283343770991911	-0.16049951599584758	-0.25607657443399695	-0.23904191145519044	-0.22673412840095433	-0.29997936185160146	-0.20108636252134138	-0.30281537844261047	-0.20532818353203425	-0.258332838253468	-0.14794751336368	-0.15717473870788945	-0.14127150815008446	-0.13958118391094665	-0.07715993338401533	0.012233653050197465	-0.04550862746925737	-0.05759772882846031	-0.21943276168407005	-0.3102744968687783	-0.3201522203770314	-0.2899341844755605	-0.22032006689495603	-0.18026526354249042	-0.22315887668079215	-0.20432671978779715	-0.20672938926221962	-0.10002446616752864	-0.05156633151825248	0.053056377030485775	0.005632021652193624	0.04207850968261478	-0.004283516024492323	0.009428614789355453	-0.13425310992517464	-0.14892773083428387	-0.050591239793711024	-0.04997724294870084	-0.15042458588884022	-0.05435672714822558	-0.018457219663703117	0.004894996272755227	-0.010652614539449351	0.09971554709824505	0.12313672990301469	0.0562803189693584	-0.017954224727066335	0.028542752174214533	0.1005630619238375	0.23862546639061763	0.07323202191661066	0.0652065443525294	0.09686164803372517	0.07207830868107117	0.24065962509975863	0.26598942434890593	0.16119012018604445	0.21593207188148011	0.2832048745620088	0.15639723153496643	0.2043820673960484	0.05416903526142625	0.05525536598876765	0.019882050912748157	-0.07489395038776875	-0.21561951137571725	-0.256503436711459	-0.06957216729999499	-0.1308368497658573	-0.24616603124509168	-0.13661582917959805	-0.17529869011515525	-0.17448148453534057	-0.24953307366356936
SER24	0.035057284430923784	0.004006803988660609	-0.05058434435859001	-0.13217506033388626	-0.03927818913520225	-0.05160533068685205	0.03624835287765473	0.01715719933915445	0.033028440672128526	0.057476965749066265	-0.0008431487494110756	0.08212069484530926	0.1288371478270087	0.12375285308664587	0.09527485893534347	0.14805184678654973	0.3090102125604355	0.5198928852478223	0.4863645282135011	0.37183062136341016	0.2643584561536939	0.4701102357517627	0.6776988906120458	1.0	0.6956291401204059	0.34198814449414083	0.3366266118113051	0.2328102959398167	0.1975340291461342	0.1518779032715038	0.09022936176624247	0.10253711161549163	0.18036875577704303	0.09272525857761559	0.06007209058941003	-0.05653994373573188	0.03852009737282797	-0.007971153155751021	0.01770789123220914	-0.07823297691403627	-0.13581850265805653	-0.08525990955367357	-0.059859682955522776	-0.033212581450779495	0.018580084645848722	-0.10399381588844776	-0.11792110491864413	-0.13126633284138645	-0.07223510448078047	-0.05646985735799937	-0.12552888022935088	-0.19327278012881396	-0.17675163668482258	-0.13861783126372046	-0.03645927891132579	-0.16843752755427113	-0.2387036098079687	-0.2885253919725233	-0.25165811029591534	-0.184112657852591	-0.16855220515488162	-0.10068863898320532	-0.22371591592901707	-0.21049343248258362	-0.23907585819283966	-0.1356003273074496	-0.07507381478103094	-0.01690923545227052	-0.0016675296363960204	0.023869254098183246	0.12413673391152512	-0.004131706807546032	-0.0392145368984964	-0.1572592467617796	-0.2217715820329623	-0.24728991150400131	-0.23610183173679597	-0.20708940109255894	-0.1616303239156649	-0.24606496465717728	-0.19269987551352255	-0.20411826033033378	-0.17667418539864435	-0.15739674689590277	-0.05122411375590151	-0.02392591244914136	-0.0663265920250052	-0.13575634171668727	-0.08739519870061718	-0.17361382842330306	-0.13506972780020274	-0.06039244717179066	-0.1030006667235639	-0.14997779011855605	-0.07229675595407392	-0.10240778716900104	-0.13810460722140172	-0.17699275387776844	-0.04922546676428721	0.010527567622611853	-0.05979484774108056	-0.04854059551954856	-0.06672481296520806	-0.025610507592720284	0.0968068403013206	0.0052510645022689085	0.031158945474438277	0.04456715906510904	0.02939267862233478	0.15497313514201042	0.15670960988336	0.08421447165491473	0.17776067106390764	0.19060369614621014	0.11584740246460243	0.1793571492008714	0.11734526743759993	0.1184115829147393	0.0614847698847641	0.04614955990491587	-0.0842487160019115	-0.1538925689369047	0.04493245236687598	-0.010252506268929757	-0.16087366265663808	-0.08152787648459593	-0.07304457055525196	-0.05608752586894623	-0.11563436819738698
LEU25	-0.02113856573385779	-0.08457522414279348	-0.051945765301363016	0.004418264574386927	0.07327508433345896	0.05088467733285953	0.20967947726035138	0.12152396940515585	0.14760060935520347	0.2439586231905195	0.14080186369982792	0.21944023158224274	0.2637390737587279	0.2411185948373152	0.1585656161118465	0.15365455592534427	0.22702386556351445	0.5019589475286201	0.41890065822931877	0.229457778210752	0.14634191348605813	0.3746899556947114	0.4673752620287544	0.6956291401204059	1.0	0.6327562537642407	0.5467792679987551	0.43698327168221024	0.38156024409663797	0.29914872254792635	0.18321687293356353	0.16768221304602085	0.20855998036075227	0.17667113806874746	0.14110699282971373	-0.04807093030357523	0.03929943256057297	-0.04139200625734354	-0.058508759497483395	-0.12357961901596126	-0.11323250831254761	-0.08955873104421548	-0.11416890648493304	-0.10409871165928421	-0.08211674592088511	-0.11660776043212229	-0.1176474690689076	-0.15134428264668295	-0.1393379051263037	-0.09277931276149716	-0.11718198273806822	-0.12730234050218683	-0.16039804204105346	-0.20510615240578006	-0.11598708432742856	-0.18198963866243714	-0.18409805429153508	-0.24003104253344576	-0.21645207949498863	-0.18915655937403938	-0.11310233991154817	-0.15057785386741854	-0.19719811922421487	-0.16131675416178223	-0.22389298577023398	-0.15343780586493067	-0.09345380423154676	-0.03492991244778122	-0.006533629479804923	0.11689580461457809	0.038137332157383234	-0.08997823722800599	-0.08654536510716165	-0.16400177010391032	-0.21847911562393238	-0.22819471046322864	-0.1974883818363636	-0.16611026501320914	-0.12905666423577264	-0.1787000269820588	-0.11118139114201923	-0.13921208268646298	-0.08201600359803159	-0.12462700169777172	-0.017883415447487186	-0.001825142971145927	-0.12398615406293759	-0.22661226007472093	-0.2320649656690822	-0.2344295013990853	-0.13683906044772742	-0.13525098178459843	-0.202933788530367	-0.23617711206723743	-0.17731047894233357	-0.22622792807122494	-0.2569583718241928	-0.22256515210915412	-0.10018819862602438	-0.01948939454666493	-0.030213273993478177	0.03445858304681051	-0.06727307511316793	-0.050264229979359365	0.06499851103679999	-0.01043117011746485	-0.023303176704680583	-0.005560035156214898	-0.08004658995962415	0.04961733716908977	0.13133978559521448	-0.015796766285277247	0.06880536821232157	0.15681986894205166	0.1892849418412736	0.015038041139184284	-0.06545454130992727	0.04542351561991002	0.09596903397324309	0.10522187911143373	0.020366222623774827	-0.13679007922465908	0.09791823615566461	0.1092954349151772	-0.12473424776302806	-0.08391048277503838	-0.1025518546118337	-0.1103175824791422	-0.04808955208565456
GLY26	-0.08049865655672966	-0.11806158356691857	-0.07968222905352335	-0.007793821730032801	0.050318276197023025	-0.0363112299563547	0.07665651069743101	0.02863093190135569	0.04454069650302581	0.12549807448369285	-0.001049749857035176	0.03262578804365258	0.10746018022541934	0.0626810962987642	0.03141773349964887	0.011204137038062504	0.02158254171818185	0.265107985135905	0.2114125264988884	0.0026359175360667494	0.03266475590683448	0.2078550560931876	0.2181660704167418	0.34198814449414083	0.6327562537642407	1.0	0.6998187609853409	0.5123290770862314	0.48864613008035934	0.44972794854654174	0.2934194075001126	0.23734700909904172	0.2568921489261931	0.19903788637137612	0.0972164268185749	-0.07152025922996194	-0.06880409455628117	-0.08004564762285732	-0.10689287316182118	-0.18360870045584957	-0.1279756193622496	-0.11673963443752206	-0.07483111447673095	-0.11270110958609647	-0.06554107358433058	-0.04932972553021805	-0.02921224047200796	-0.024521201545217555	-0.0335657083306897	-0.0072252506069109875	-0.055839298710669984	-0.15308027257046924	-0.20919159401299314	-0.21357408574741787	-0.162782451025015	-0.15090463474491395	-0.14881358771481046	-0.18284938653418337	-0.20641329800751415	-0.18177088556881538	-0.1188957120727884	-0.15475844677594763	-0.1348250839800442	-0.11503008239195665	-0.13919062209235053	-0.1302808270783646	-0.10486448743498561	-0.009224310917834634	0.02340782131750492	0.16971339000825844	0.04061226016711061	-0.0651089630613491	-0.08165714263100168	-0.14254080966254143	-0.13194520343702842	-0.1230116611855851	-0.1055013103006254	-0.08120429239868564	-0.04816319475366	-0.16248134028208938	-0.0831533352524626	-0.06610687526794268	-0.09008342286965836	-0.15460545869403203	-0.06811123999255252	-0.049429479155365524	-0.12682112049508812	-0.23406598934380937	-0.21135503978130174	-0.13573237841414204	-0.07426907042248325	-0.07494880078023902	-0.13990805482930221	-0.19436448033616718	-0.13976011658725634	-0.1666593989222803	-0.1934995610435852	-0.17751569965373767	-0.010183490915813038	0.00033193697158700715	0.03250510717766942	0.04043741714185306	-0.028527295563612567	-0.0077310039614266034	0.009886830945025205	0.005754747950051584	-0.024516611214384063	0.03425040253374829	-0.004542689734450816	0.02826966879040394	0.14849214035116867	0.02662314938960137	0.058441225466712564	0.11891812036211008	0.3121996087810632	0.07333099866814087	-0.029707796199148206	0.08327574900387101	0.10882310867084458	0.18700175969359437	0.09965676676501173	-0.06759449338232404	0.15195348076372003	0.08692107042224302	-0.13851212741144497	-0.10078726509195089	-0.1067146979480323	-0.09177493250277834	-0.0071821558070764265
ASN27	-0.07835715120998021	-0.12406688967584845	-0.0586975021478022	0.018870260339832162	0.02374306491167559	-0.040852450701502875	0.06431722057822596	-0.0001611884966661305	-0.00997602139209221	0.06337390851470372	0.0036828259989342177	0.05666973183238304	0.049350083061886346	-0.0033512920218318337	0.014470725494568262	0.0022823518520659375	0.06015141922161965	0.21214592795866666	0.243694664761862	0.07825374267930194	0.08079280920636678	0.2329594173675611	0.28415409637728717	0.3366266118113051	0.5467792679987551	0.6998187609853409	1.0	0.7281102305620671	0.5914197272952022	0.53762039765623	0.4485248308722818	0.3314350745668821	0.32584267388817784	0.21683184307443398	0.12307458822566335	-0.04522448048438919	0.03473693090121963	-0.02496920457934741	-0.08085821392963002	-0.17960204852896258	-0.11129216355009151	-0.14268437991904814	-0.17357203042221617	-0.16205217207749684	-0.10995746571651054	-0.08922112087341413	-0.08110377577270078	-0.08846953332101504	-0.08749402195250221	-0.059093945125948184	-0.18800120827818528	-0.2496647541790809	-0.19761758945170943	-0.18405279145160247	-0.14225229776723794	-0.1484555833943214	-0.19624591926502616	-0.21500716079751325	-0.25320893645168285	-0.24193304767188276	-0.15354489779041294	-0.22305025955951432	-0.1878476545882745	-0.17475569658795717	-0.19318343273532132	-0.18740818420569078	-0.18634628026552255	-0.066416836524764	-0.027374470989070514	0.0769752334238126	-0.02757188294780817	-0.09679728875620525	-0.11162993055242622	-0.21613580346192063	-0.21735058567414633	-0.23583563028246807	-0.20430983688763144	-0.20605464674366303	-0.15438647740114766	-0.20930685238677588	-0.1445993203429628	-0.09855953209205709	-0.05237333117593009	-0.10366520588257942	-0.04149295117790057	-0.0191214203968865	-0.013235558866170382	-0.11856957997028418	-0.08172032002558981	-0.12444599425169046	-0.07252193618052569	-0.017695581868935432	-0.08117889270134865	-0.16767864001460192	-0.08036654163373952	-0.09844607984456619	-0.1579730374743306	-0.11741734358782414	0.05970554237765745	0.06797432724489323	0.03957945732465747	0.09095266938760292	0.048611373705559555	0.12614985708444723	0.20713047100206156	0.15040711086904673	0.06603233657717178	0.10648782184956561	0.0431597925841707	0.1187207342650829	0.2679189477629722	0.15446362866374694	0.16391156544917598	0.22882432165186675	0.3415722757912239	0.16255715118121042	0.01005050816557569	0.12342787702213968	0.10096633017183913	0.1687747829347448	0.07714238221920579	-0.1304291456493298	0.1512919330373502	0.02982211654280461	-0.1842341314685936	-0.16029105328478974	-0.1694873153873476	-0.14831682330538767	-0.11354810153081711
TRP28	-0.028915747094982142	-0.04423179874346229	-0.030660162315302844	0.010516217148846192	0.031271215090558205	-0.03938255022228088	0.04736619526851083	0.047925676543085	-0.04640379055845048	0.019857331967399437	0.026633732327128137	0.053594409159477954	-0.0034500438399440356	-0.05645694663035433	-0.12576371571902256	-0.024468028944369197	0.06847225025208402	0.18821896277957606	0.21200358215530507	0.11611966559531386	0.08603779682347001	0.18293638624125858	0.23054077275070897	0.2328102959398167	0.43698327168221024	0.5123290770862314	0.7281102305620671	1.0	0.7694812753998999	0.5375070199139994	0.5768188705037793	0.4854700658131358	0.468907534848757	0.37668429368346046	0.2138049221666347	0.018718977766134456	0.0901682884039031	0.06078963711119986	-0.035984900338098286	-0.13666308016245707	-0.11699821365565723	-0.176102336915574	-0.16818124109505786	-0.21301294750180877	-0.12358593606185153	-0.05025837645407071	-0.055975842368896585	-0.07405024411729648	-0.017448731533859566	-0.03689344971588288	-0.19863638114420512	-0.26196758274512927	-0.2528565885626982	-0.1813882037230837	-0.07304410865245488	-0.07640358129804815	-0.17422304528917198	-0.24029669791766956	-0.30755820448095467	-0.20631993141841015	-0.14153081350742433	-0.17630599591281984	-0.18739160957257386	-0.2051738085638682	-0.2595909933471448	-0.261513799443895	-0.2594418544978297	-0.18038534558097827	-0.012800412929653445	0.049471240819086125	-0.031257493274412365	-0.052260438303994274	-0.07583393428675445	-0.19668205053962778	-0.2180741779848873	-0.2579393057224602	-0.17611732411902256	-0.22116256787601937	-0.17705626679023592	-0.2500269000153699	-0.1934940282849371	-0.16262538851324507	-0.11393282093540388	-0.14129749595892477	-0.07991228246894817	-0.015283983151943186	-0.004758877669992866	-0.056127645670520865	-0.03622303265511114	-0.09156972818313139	-0.02946561074107408	0.0229348099302451	-0.06562714054856818	-0.14650640779644752	-0.03148597158928989	0.015398715618320062	-0.04371036876474526	-0.02824540898645083	0.1437580556904703	0.17862078480184274	0.1442890255184845	0.144837939522994	0.09555760351432506	0.171057140613113	0.2160982470146358	0.16503167772496474	0.06439573326074931	0.11072346248127746	0.04336490038076079	0.054649644546132595	0.15490507725091274	0.09495690995966244	0.10429056706645994	0.08097175919722047	0.1640254095617527	0.09671039116124261	0.027286823072940853	0.10107257781518104	0.005592627500298683	0.047374464627250604	-0.013968654926846654	-0.24075176849331067	0.14260694675498006	0.004811882498732533	-0.25556017332947323	-0.15769934646486902	-0.17113377252165296	-0.12335963657382931	-0.026597555771387744
VAL29	-0.06902366714196127	-0.05273307088648074	-0.024565850799604556	0.04845483441959155	0.043014434086463924	-0.062213587765402374	0.029513212072886555	0.027026833242241532	-0.11219523940895797	-0.08137102988564317	-0.09606202552831437	-0.07214804109002065	-0.12084883169163498	-0.16467675753321678	-0.17765489611523075	-0.07449562067851592	-0.019264957155510583	0.16964103609240486	0.18508795336556005	0.07286814097883672	0.08948153704975725	0.18301551419312287	0.1854586413589359	0.1975340291461342	0.38156024409663797	0.48864613008035934	0.5914197272952022	0.7694812753998999	1.0	0.7162149090489609	0.5743175988513658	0.5054175479309092	0.49361043731725046	0.28059946719194256	0.13670618202693724	-0.03363706397194647	0.09416627198800498	0.029547489003393747	-0.04906347166176993	-0.13092511079274277	-0.1151317541849908	-0.15811576042252284	-0.07100134586665542	-0.05746661642805714	0.05054162289076056	0.11718472945529604	0.10500361753162217	0.0542348353269448	0.09844115740698058	0.10505656360665691	-0.09936879727168094	-0.19010451633416867	-0.226021261921279	-0.1876208229231139	-0.13509170561851574	-0.07357596838849559	-0.12922990708088195	-0.13305800563607015	-0.1551316983631422	-0.12791437821487947	-0.11920506109902504	-0.15646036478808853	-0.162492996127968	-0.18756890127481357	-0.24003732210933393	-0.22590112285706906	-0.2229013206458152	-0.1345870205748237	0.03826196408693519	0.10776077826506775	-0.016366700501142636	-0.012490855650329412	-0.060322240593693975	-0.19104979577755096	-0.13767295825358386	-0.17621101936692465	-0.12982763679966916	-0.17478596866409526	-0.1626142170018221	-0.2151885722616259	-0.14775023185598954	-0.11540188824382631	-0.14537559635938865	-0.14673560359411375	-0.1002746697905899	-0.07008044024774736	-0.08541895584296672	-0.10769547934719469	-0.05791059791336561	-0.0686221428636665	-0.046933095551422756	0.012389762855820012	-0.039418227990891626	-0.13144519530069046	-0.10027803162060347	-0.0334008609369987	-0.06195582381654263	-0.04140030065437801	0.0989197415897992	0.14557023205658504	0.03525222768703744	-0.008983102477258972	0.011961156586639262	0.044514864199404404	0.10805835697846954	0.0664051764090909	0.012815146582644361	0.056306486699156444	0.03199875161898403	0.035146367301134435	0.14299075362501779	0.08338558541937152	0.052479637763952744	0.11194788988815627	0.25637615981836853	0.1331362966512315	-0.01949869247771956	0.11580994076916715	0.0029865911772661226	0.06105608930385848	0.045548912409623284	-0.13256265846955018	0.1645963949187898	-0.08187373995264888	-0.30220897647616657	-0.17385998762605667	-0.2024813102632214	-0.20019859361486742	-0.09850160922394091
CYS30	-0.13857965681816484	-0.11541372905615824	-0.0202866483290077	0.07832672892054862	0.09884402207853842	-0.06603012140945168	0.028831061896855477	0.021005239250718993	-0.11285052498744268	-0.12617766108813114	-0.15014335513692584	-0.1293164193454534	-0.15212682536847488	-0.161493109181899	-0.12198292175483712	-0.08211115984818376	-0.03783377948634789	0.14344066864493213	0.17467093139623616	0.06385838940679602	0.05015295735503172	0.15374726921788529	0.1323765618462824	0.1518779032715038	0.29914872254792635	0.44972794854654174	0.53762039765623	0.5375070199139994	0.7162149090489609	1.0	0.7428142141431816	0.5211128346293354	0.5423241584979761	0.2915425538296062	0.15090395893892272	-0.03845314274173898	0.09279687151628074	0.05494723224231895	-0.05058222933149464	-0.14384659017732437	-0.09406046269311727	-0.13169530285893313	-0.07234567806955648	-0.03325263108161513	0.042740777047492545	0.07954951579855474	0.05026357551013207	0.026011030925472477	0.05664874464751472	0.08673409999444338	-0.10683218376698295	-0.19203398906135832	-0.15228331036050927	-0.13352953990929906	-0.07827577537377828	-0.0433479797024631	-0.12106031093053417	-0.09994133740906315	-0.09779472458107663	-0.1053187696205148	-0.08773728865640221	-0.10610625908982635	-0.1261302081753591	-0.16143095716599587	-0.17538093064380295	-0.20110235857317407	-0.2063773096625866	-0.14877518408360582	0.037022042863916575	0.12901307464942616	0.022815894006532545	0.06119178461666148	0.009459831381675587	-0.08116125456614685	-0.05265750351303104	-0.06267428036650775	-0.03830933783447885	-0.12918390653206632	-0.15487370704023984	-0.2104399471447444	-0.1711531406963997	-0.13206294503433147	-0.1512436870571304	-0.1704338386705337	-0.18139525298827883	-0.18033080332661544	-0.1291441325994018	-0.16303649990087585	-0.06117009084916299	-0.012506434326705347	-0.012447756940960186	0.06858799868289417	-0.010687897924324907	-0.045753321773191004	-0.01858948159968083	-0.008497380656445843	-0.04933248952867293	-0.08813183636164441	0.017398578326522945	0.054026647847515714	-0.05588115257365353	-0.08908934510787274	-0.08088741225026484	-0.01300589670143449	0.04854349825288507	-0.024479103580532097	0.0075354153922560126	0.12251848549747156	0.10956328707831132	0.1887051671907897	0.34556461180404846	0.22521722847635808	0.20605321830917134	0.29463893039315414	0.4745752698434643	0.23617576469847668	0.02202205406667576	0.1533942611358103	0.0145165715661125	0.054152084306729964	0.026826522828679217	-0.16135492454650827	0.10698725782375468	-0.1640632451775093	-0.36307616271023707	-0.20105205335633058	-0.26754748896722536	-0.26318612302841765	-0.21489643951252616
ALA31	-0.05649641865165703	-0.04526356087207796	0.05479912645422627	0.09018446208436978	0.06687236978377488	-0.050062239655639676	0.0554814907587155	0.10971566123943216	-0.07353289516943354	-0.07069553893609559	-0.06300742503638697	-0.06442114318548103	-0.13764360949255788	-0.16813571874157632	-0.16718236235970724	-0.08990967278910385	0.02555602229361273	0.0703254826915463	0.1367760262965366	0.09044042445434342	0.100323375272696	0.14066409024842128	0.14001603885979413	0.09022936176624247	0.18321687293356353	0.2934194075001126	0.4485248308722818	0.5768188705037793	0.5743175988513658	0.7428142141431816	1.0	0.7442710135141988	0.6141433503015782	0.4740615465017976	0.3757194199317158	0.12856967866768496	0.23336163700095336	0.1880574097772166	0.025742078789099437	-0.09720312507574615	-0.07237557474269521	-0.14068497452012252	-0.17857906288664865	-0.1648734446040763	-0.07895810053222067	-0.004590100928457523	-0.029651980885914246	-0.04436572173913847	-0.022615814137570737	0.0020328146938804643	-0.2499047882666387	-0.296047390119544	-0.2170291021510808	-0.11665168064236683	-0.004343211680312163	-0.04063630533756821	-0.14141888511962994	-0.17639269556000395	-0.21496000233274265	-0.15882177853964569	-0.1636050864636013	-0.1685267368171009	-0.19967697513094546	-0.19779761168266588	-0.17613114324302223	-0.21947947356170047	-0.25280111726008586	-0.19950160368166858	-0.02053251413242165	0.03172034940324614	0.016379195632344492	0.01131802066976817	-0.0742666020601586	-0.1351078754914626	-0.19692909775000503	-0.2000508352466214	-0.13385746541763743	-0.20417750854410527	-0.1887593931558165	-0.2075781076380217	-0.2201528054695978	-0.18772798755893347	-0.13384771966830475	-0.1229521980345127	-0.1564088764750531	-0.08708843023045161	0.03831536582492007	0.03249914831414244	0.061598640267750894	-0.04397553587185835	-0.020602686142843735	0.14076653980774556	0.001269638477279958	-0.09798130234103121	0.01986485588308325	0.054482873579796115	0.026687510427147048	-0.023370729849099655	0.10031186879254546	0.16477217151293266	0.06144355715416485	0.06636700597435323	0.05277097579431575	0.09850204382931808	0.12800573927476852	0.09324102019928147	0.06342289222338234	0.16342871377564022	0.13449409442794252	0.14411686577725147	0.22146160884981672	0.22123187472043762	0.22329146434105027	0.1717968798983482	0.236823165991102	0.1460250776364444	0.06570506030275809	0.11983515422842003	-0.043853069388936176	0.0027853156520928003	-0.046593750689851186	-0.22576992225486905	0.06539758986549848	-0.12408572526767409	-0.35519439276754483	-0.24614042377030637	-0.2728503487204261	-0.23832667400084306	-0.11460540302849477
ALA32	-0.03846793837626836	-0.038707579078808625	-0.016660220080921287	-0.014727806048036533	0.028336843256487988	-0.05337389794313496	0.03272094964525445	0.11887704987320286	-0.017100628089742477	-0.04641344213177864	-0.0416842418130554	-0.048298399328209195	-0.09618573898066574	-0.0925439798504876	-0.15810187943676762	-0.10197489110677058	-0.034013458703578484	0.0073254400176413085	0.1158801937992448	0.0718901385426626	0.0742229841155144	0.1343375136889521	0.10989610484284139	0.10253711161549163	0.16768221304602085	0.23734700909904172	0.3314350745668821	0.4854700658131358	0.5054175479309092	0.5211128346293354	0.7442710135141988	1.0	0.6892168748922498	0.4286186850083276	0.3228239011478552	0.17438423175494372	0.263312001482496	0.271007254755091	0.0964545676027697	-0.022198899070197804	-0.09070991696837685	-0.0909609275832724	-0.12202852025918841	-0.11283520549137399	-0.028041592936650157	-0.008739202295887004	-0.03629213698521046	-0.05465950118072456	-0.00045890955129136517	0.008826155508180979	-0.17647283217649556	-0.2226535016526073	-0.15976097812541967	-0.08054774839615615	0.032371895885589315	0.0308709880509838	-0.06364273084999247	-0.14345372893443092	-0.18300013606357804	-0.14866851707177797	-0.17721498346038303	-0.20050449387625238	-0.22090307808677023	-0.18200990059479946	-0.16997054516345741	-0.1528237960670704	-0.1610288238970346	-0.11267640904896291	-0.025248579386752103	0.03323318883071238	0.05507760289829367	0.07901634892611274	-0.047826335034763724	-0.14782781590805574	-0.18673568235209098	-0.17640263276835202	-0.07655382665122898	-0.11651053475352663	-0.135244091261172	-0.14889388954309743	-0.182404470982845	-0.1739156935919356	-0.16087991875404534	-0.12644059338618713	-0.16440229582215696	-0.08916988049494332	0.021870006861448174	0.024469964341722078	0.07207491175112692	-0.05520192892147138	0.004196841952214221	0.10075598269621709	-0.034120213937358784	-0.09556559425911577	-0.0056259193264513565	0.03427799739788864	0.02010318011327005	-0.020445172962972415	0.04864487566451182	0.10182514368569691	0.049708541697565195	0.031699144665373824	-0.011317728240782416	0.024590168006233943	0.05355528400276882	-0.022877426442051253	-0.0563366905177147	0.07410447369579869	0.06722222635528588	0.11049577836348237	0.11378854128355344	0.07897682050862621	0.11304811069905199	0.07349980752433985	0.10128882246031701	0.1556668252086406	0.13433775295496098	0.141967419540571	-0.02649235844733811	0.029340632575273917	-0.07330852629691641	-0.252505736766134	0.04791904532831502	-0.10242872118076121	-0.32464839567236853	-0.2392467469249891	-0.2173800055006499	-0.1344500964988692	-0.0842418985688854
LYS33	-0.08934413927468073	-0.030122372957928835	-0.01867977704091536	-0.008507769860716522	0.06650990594433669	-0.006947317818924387	0.05187978871297378	0.1595706445299898	0.038287834907515916	-0.0728736851394426	-0.11039676484644073	-0.06940769015796548	-0.0794117607765465	-0.11562241984387034	-0.144768751430741	-0.11186136532460707	-0.043641379857403656	0.07586093164333801	0.1390901263868761	0.12275651937889792	0.053761609319079424	0.13748119882934132	0.1971394712207282	0.18036875577704303	0.20855998036075227	0.2568921489261931	0.32584267388817784	0.468907534848757	0.49361043731725046	0.5423241584979761	0.6141433503015782	0.6892168748922498	1.0	0.6497563069768041	0.41764852297807875	0.24938888657962804	0.433902770319093	0.2974686841160052	0.08648577336158565	-0.02930551582402082	-0.10036521613253092	-0.17634236086182903	-0.2262057312592333	-0.19292572033162994	-0.10267282405284722	-0.13582828740128572	-0.15587700348092745	-0.1725850521240925	-0.09880612468841	-0.10896739541798331	-0.23121201920157491	-0.25016290635321037	-0.12234608726601538	-0.04727506650182862	0.08821068029692193	0.07359960556869152	-0.07444755001921453	-0.11756579405499962	-0.14146070811082873	-0.09540833849637706	-0.0806575232560418	-0.03868408424722219	-0.08675174123970224	-0.08572580925324715	-0.18163692183758245	-0.1655410268146025	-0.18483068189165722	-0.16966597684055332	-0.044426257999232714	0.057697340791925796	0.10484257417698724	0.16882731940403714	0.07935738509554398	-0.014656921300127228	-0.029358576066738907	-0.035262084370132736	0.03347642073048873	0.0177242333270732	-0.053145533581089754	-0.07602787782146281	-0.08968233827761922	-0.0796395483712728	-0.11530966227593074	-0.1433343640922333	-0.11162527754470795	-0.048900557736265615	0.01853756744960518	0.06030826637304657	0.14893958432431245	0.058208607806082904	0.014205145466415417	0.06322886331376251	0.036465903273644615	-0.022930893665269264	0.045620244332635854	0.01816079271183139	-0.003006485006077736	-0.04112139687784787	0.01362911318801562	-0.022566528604174366	-0.04001060275976554	-0.06854288773794735	-0.10881168830231906	-0.05469313408431218	0.04651157346837805	-0.03340686399826304	-0.031270096694906574	0.09308074221558744	0.03219372772402026	0.16125809285418433	0.1857233010812069	0.12406028509493752	0.17395795160389022	0.17004459002733113	0.1396234237810911	0.15304654376174115	0.04390841576736453	0.028633827357853327	-0.10228521478788997	-0.09494844510943996	-0.21018344928432103	-0.34073011267426695	-0.06663084111822935	-0.17778671148694847	-0.3619172062546161	-0.1574370668931447	-0.17459403352092062	-0.08440456136034244	-0.1309026120508125
PHE34	0.0484055385302932	0.08656636175046131	0.03834772437929512	0.03503759947904991	0.10138509669133816	0.05878253101834092	0.126907866639551	0.12443813724161928	0.033375377185786585	0.0535508830946112	0.02425899939449353	0.047542037304902605	0.052066411369629396	-0.0233695057049489	-0.24643104919927383	-0.21022858591134588	-0.10899357028834833	0.013020090427763285	0.08726512484039839	-0.009931906583987238	-0.010204850685357154	0.06477044978774685	0.07460741041136883	0.09272525857761559	0.17667113806874746	0.19903788637137612	0.21683184307443398	0.37668429368346046	0.28059946719194256	0.2915425538296062	0.4740615465017976	0.4286186850083276	0.6497563069768041	1.0	0.6887132644391217	0.41664328896237995	0.40449819243488333	0.2721266183454037	0.1443117231859533	0.020122773330050314	-0.02930429867680708	-0.045327083373571816	-0.3377828684772028	-0.4414915960379496	-0.39998538865772587	-0.3938662014953354	-0.3943760317414705	-0.4399651057866866	-0.3512021093004083	-0.3543624735889063	-0.3384657330815244	-0.19763235943156213	-0.09805907630628116	0.0283543456768872	0.10265361021475279	0.0750609559303826	0.03054206303526766	-0.11085411662430748	-0.16176583867480743	-0.016087369301651076	-0.013882265668308245	0.04048330692495118	-0.03259012193953326	-0.01114367506924976	-0.1058708454643381	-0.1304479845571939	-0.19000587341851674	-0.18620631946108662	-0.01722500497196253	0.04958969071034231	0.001639439315548143	0.043446357852809946	0.07590193736762031	0.09796864261972466	0.04757263056025767	0.010713272786223537	0.04304680485510877	0.03760539161524547	-0.015608269148816464	0.05122562437277397	-0.03183801406300996	-0.06387425287106326	-0.037638520915582424	-0.10827013109446523	-0.04175575013328145	0.14497087215579446	0.10429568308919066	0.1734173509443661	0.16333384722639255	0.026840445199845953	0.01654985190769378	0.07916132122778818	-0.002160072587944149	-0.09177209608409304	-0.011946100672705278	-0.03702500701577034	-0.07433348898109056	-0.04864354147221732	-0.01364984662270065	-0.04049833848107719	0.05176100944831413	0.08189299178808641	-0.03155417115290551	-0.054922818094641807	-0.0006238640326408138	0.09337298401109531	0.1131609519270654	0.19782049673686158	0.1106124147041718	0.1420047724895608	0.06360152457707463	0.08264535734522682	0.2015525702722687	0.030040122217662144	-0.017643872141301677	0.05092200929667103	0.03195134332180484	-0.04614676673162136	-0.09395416019574541	-0.053084114390289754	-0.13808116326287093	-0.3239392728146558	-0.02476630508107216	0.05888037878987771	-0.20488793656008275	-0.16242304974066543	-0.1232922586721442	0.009196282097864723	0.14383065525269742
GLU35	0.1797156955365196	0.2151315673449146	0.2112138364331133	0.13415400995701734	0.04567731773187003	-0.059851008320327234	0.0764284468665909	0.062275841988066134	0.02738490697996153	0.08495559506039331	0.026865296479567632	0.027542416508898784	0.08316463995968153	0.009702214017178532	-0.2414457046775132	-0.17027029546632605	-0.014184431525296533	0.03480194365635695	0.13213563232769662	0.039841158308799675	0.04051689993858237	0.07236892649731605	0.09549178116035273	0.06007209058941003	0.14110699282971373	0.0972164268185749	0.12307458822566335	0.2138049221666347	0.13670618202693724	0.15090395893892272	0.3757194199317158	0.3228239011478552	0.41764852297807875	0.6887132644391217	1.0	0.722640961243254	0.5795572856512043	0.42541141373058905	0.3483298207405064	0.23153200436906293	0.19974751465671356	0.1731670950694109	-0.1283366222318186	-0.20649443972705156	-0.26984295527201957	-0.26443970927563043	-0.3156277186466584	-0.41079529624817873	-0.3978831395053966	-0.3694045476145703	-0.2677000648852609	0.03386022189127237	0.0884090927619905	0.2059397218575565	0.34731869789127245	0.28087855374247706	0.26018915692394756	0.09041136891550397	0.0076533464223089145	0.008975956800641269	-0.066461125699833	0.009525634158624712	-0.04428669993210946	-0.03685144608203682	-0.1378740819104936	-0.14348230084536429	-0.2549114896714634	-0.23449519728253693	-0.1391392225913244	-0.09658029794511645	-0.0915448268541674	-0.03063892902405238	0.04103898035805374	0.08872640488909449	-0.011045720536435431	0.02949307167184288	0.029298807076495455	0.013450870624220434	0.005803339492363008	0.036193006637310995	0.0034230182107498792	0.05529209439634525	0.0792187722058589	0.05758734397175166	0.07999750747191159	0.208631496377515	0.2296145089244832	0.2648579020810172	0.2028662170009772	0.01716439402674357	0.06306263231656645	0.08315068013781565	0.062289156249334524	-0.0026880561852242867	0.00999477961833714	0.021121873183446705	0.10971328410164256	0.054940848296280244	-0.0295744283236931	-0.019733037549725062	0.10122779657625625	0.06494894121729186	-0.02497611976551128	-0.055400783300782054	-0.010755514754897316	0.02833180699413564	0.03132329060404682	0.043834551363488246	-0.0558220282837379	0.044909238127275014	-0.032971267749523345	-0.06396853173385922	0.07440382388929005	-0.03729010348029668	-0.10077978341411951	-0.08504514365332257	-0.22313071527529307	-0.31206398525370316	-0.2956717193028009	-0.21181634545427008	-0.24942654232306286	-0.24555563575346095	-0.2289339825050498	-0.1075639649386364	-0.21348663863289197	-0.26776311476307535	-0.2004047560967012	-0.07967509041194787	-0.02874402236213652
SER36	0.28397150555305495	0.3350042722906083	0.19501455212803329	-0.02497723741339361	-0.1564991820925337	-0.23318800003720705	-0.16799462847991348	-0.07361487756541417	-0.024685649278991143	-0.05372449302594483	-0.07852818147146688	-0.03937964062873889	0.03757093879717906	-0.028733855384926767	-0.2361115972218355	-0.13114922130150655	-0.02192656908258473	-0.02900322728696079	0.06822269116693108	-0.025541925795870245	0.10749268147731081	0.004756415554533169	0.00814401275510866	-0.05653994373573188	-0.04807093030357523	-0.07152025922996194	-0.04522448048438919	0.018718977766134456	-0.03363706397194647	-0.03845314274173898	0.12856967866768496	0.17438423175494372	0.24938888657962804	0.41664328896237995	0.722640961243254	1.0	0.7379642595985997	0.5382284098819792	0.5411063650722465	0.4268563286366093	0.3439673853639321	0.30459880257868943	0.034489041418245034	-0.06171033178168938	-0.14968739603842696	-0.16030382050389702	-0.21020151922219252	-0.3168093870787419	-0.2900514786174661	-0.31106602329042343	-0.16800836009259223	0.12336064736158588	0.2447228824779527	0.3972964155200326	0.5305831568729077	0.41109620097928573	0.3843073349160735	0.173829662982508	0.06186973148036051	0.07445258037634096	-0.08445901610617716	-0.028455912258106765	-0.04612079818150408	-0.025231571862380658	-0.1562500808283642	-0.04720893749886078	-0.18130935925772337	-0.17363884419305417	-0.0910769985263465	-0.07323659668149056	-0.015585008548544981	0.052255619189184345	0.019337773577938512	0.04266630214221715	-0.01771259611387636	0.039447180320909256	0.026730511737159554	0.023990357515249354	0.05654255540474714	0.12921556831879616	0.04667483451489795	0.14126015508119225	0.16061468655874847	0.18330017214040206	0.11560970842800394	0.24714721167263132	0.26707679002326734	0.2964994346371023	0.25325635888888987	0.06792117724476941	0.11622491261274374	0.08600881813567948	0.09088285859554535	0.045439109558906024	-0.008147174065659697	0.06249429252437839	0.20452191403897643	0.11792192688858286	0.006812677418561284	-0.00729095931183511	0.0996593476429524	0.023810484471804966	-0.06646939846373226	-0.07476585221303278	-0.08728602178647936	-0.07445591806034851	-0.07451848403935914	-0.056005282007099595	-0.15721719287953467	-0.1379608571455327	-0.2019738829880655	-0.2010806392534543	-0.10355873472739127	-0.1845247711924363	-0.3178166006506487	-0.12610304496229546	-0.20175293994253493	-0.34863089186451635	-0.3927866027986813	-0.3188022771688271	-0.3105237821204414	-0.1760915526279715	-0.28756785601661095	-0.17701850500785304	-0.15108247622050966	-0.21206342225249963	-0.12548076393767954	-0.00407662370400958	-0.029616553462290543
ASN37	0.2819358768920614	0.39697107681801874	0.28653641175625355	0.062289339805544436	-0.13010364164152988	-0.21129778595495852	-0.15608309370118023	-0.07572850646255448	-0.05783940982462512	-0.1337783387524945	-0.15852138192869505	-0.07912531925835393	-0.03643624805228508	-0.06628294091015619	-0.13788089283042743	-0.02432752584493646	0.029931258621237893	0.04594547471812445	0.056554334864224114	0.0395560842367466	0.12237865099397265	0.06800856345771975	0.07290620630874185	0.03852009737282797	0.03929943256057297	-0.06880409455628117	0.03473693090121963	0.0901682884039031	0.09416627198800498	0.09279687151628074	0.23336163700095336	0.263312001482496	0.433902770319093	0.40449819243488333	0.5795572856512043	0.7379642595985997	1.0	0.6199528108972303	0.5380018347173738	0.33434867584859224	0.22879371690833852	0.12978041194036186	-0.050170827484556604	-0.047642992175966105	-0.08402140766695786	-0.09429914783735813	-0.13977778773127178	-0.24638369782359879	-0.2211182706523739	-0.22942430089877894	-0.1418569902266072	0.036412098358210646	0.1343212631170808	0.19606985956162454	0.2975676965026624	0.20546913290060168	0.175182498435818	0.10324959795141844	0.05435639913872484	0.042327773817619464	-0.059792179573163774	-0.034279095462521454	-0.05022611569859477	-0.03631237909825218	-0.13095541213379194	-0.06532818833572622	-0.14140815280633043	-0.12821025976348438	-0.04442537311974476	0.0250060073333456	0.12040309612414088	0.1548992363995094	0.052593891323740434	0.0001423791707884302	-0.01429931110089357	0.06710547611626244	0.02109836199225732	0.021931207694765906	0.04005097006530104	0.05948009366054648	0.03720168366873729	0.11782808459197885	0.11336747714305585	0.16186474217634722	0.16366957468711865	0.19256988660407257	0.21272464598362056	0.21255847821524695	0.22212983310175363	0.06855060751827928	0.12049053043848029	0.13735315102334944	0.14053730490881797	0.09430133452812402	0.05139789362445078	0.06527935143137267	0.12705409239510504	0.06312709867986002	-0.038090437661109505	-0.05981968188899489	-0.044114324155262286	-0.07351734070844552	-0.14098898405301494	-0.1229207225835271	-0.04904306024844281	-0.06046994874217356	-0.031985285230321306	-0.06482907359343701	-0.17252324823831808	-0.06824638543828615	-0.10097381857825888	-0.1661156439383327	-0.05721493272560006	-0.0745043103685258	-0.22690201808888133	-0.10843104003921829	-0.16626860135066598	-0.32744016503347023	-0.4017216729059145	-0.30355658752582515	-0.3433342685216938	-0.21323841265399224	-0.266819233612447	-0.2671845851610457	-0.28841861910767586	-0.2681263906487539	-0.18130912985215755	-0.05848241032987002	-0.14977411382175068
PHE38	0.4007303819357765	0.5052713840074702	0.47586644348821555	0.12940489410995662	-0.08413117459395814	-0.10371262847858992	-0.10162045392192673	0.003947879141194125	0.006672927385138916	-0.026884932117169885	-0.05971311594396421	-0.010709956862568752	0.005129529836363748	-0.04366977180564444	-0.2130258824348897	-0.09721562556709895	-0.017278774094504953	-0.029618070465185886	0.0034427689499238346	-0.0014625100251656616	0.1416569377306342	0.06295211268458129	0.030983517947128704	-0.007971153155751021	-0.04139200625734354	-0.08004564762285732	-0.02496920457934741	0.06078963711119986	0.029547489003393747	0.05494723224231895	0.1880574097772166	0.271007254755091	0.2974686841160052	0.2721266183454037	0.42541141373058905	0.5382284098819792	0.6199528108972303	1.0	0.7445573637218204	0.4042988606122572	0.22900377838007055	0.18812670831118314	0.09010513585757195	-0.031736601106926776	-0.10047646435498508	-0.1082231123441626	-0.10658573184682953	-0.19078381571306463	-0.22097594132852622	-0.2708341416523841	-0.1790071902723188	0.007303237264193617	0.10469219360392155	0.2330229204627899	0.3795947064509275	0.26103151318547196	0.19020333176892365	0.035218493142752064	-0.06858271857961847	-0.045803451718179615	-0.1634401747333526	-0.19348375189463832	-0.14581996311544224	-0.057764218900438896	-0.13788899410403813	-0.06624223217603536	-0.13354638456294268	-0.0898715094238907	-0.03375990260285297	-0.006533894687115839	0.00856666687281384	0.055612747978666235	-0.03347822737861345	-0.05927400622292409	-0.0826992103589317	-0.008174642959936768	-0.06992098975323129	-0.03523811406477652	0.013904893797712776	0.009682782205761046	-0.016719596233005254	0.04176599911870542	0.05291794736717849	0.1312159228942554	0.05038933424938533	0.085889255323282	0.1625503479648799	0.18597830956803976	0.1499102451815133	0.020950617380415266	0.08842036177203186	0.07729300825269453	0.07556681547723643	0.0504906222246027	0.06151237936908567	0.14408662765848235	0.17501361050492037	0.07350761856056737	0.009746330758105892	0.022147806338339376	0.08057453755895154	0.07729230693452648	-0.05790400186094709	-0.06830776510059025	-0.07332195808447746	-0.06844739776212172	-0.020543239219195132	-0.013905305201579845	-0.14914286316234016	-0.14886243018546363	-0.16994071906476577	-0.11637411748353509	-0.12257970660165043	-0.19208266677609911	-0.2040996838126007	-0.14645743629327004	-0.13259826978584385	-0.2367126485810615	-0.3478685848213472	-0.26150330412137385	-0.3531224883497462	-0.20755624136390594	-0.20916374180438968	-0.20286157043421796	-0.1826611137594749	-0.23948023151588058	-0.1094613853014523	-0.05751721934198985	-0.07416595270267427
ASN39	0.5607641020602567	0.602985796929497	0.41117384423583736	-0.04011607692357986	-0.22118242010985276	-0.2678015616160476	-0.27101204513845045	-0.15994097235059193	-0.10417593866512985	-0.10860577093744975	-0.15736504397068046	-0.09487844568467216	-0.049248159622116386	-0.11777035237349735	-0.2190369836476539	-0.05477492343662583	0.015256895095873316	0.01519667195753193	0.08387364292192882	0.01683433967995008	0.2158924003206574	0.11691659603792202	0.09127427262890545	0.01770789123220914	-0.058508759497483395	-0.10689287316182118	-0.08085821392963002	-0.035984900338098286	-0.04906347166176993	-0.05058222933149464	0.025742078789099437	0.0964545676027697	0.08648577336158565	0.1443117231859533	0.3483298207405064	0.5411063650722465	0.5380018347173738	0.7445573637218204	1.0	0.5706177272367723	0.34974406901906413	0.2951576702166833	0.18736496945353295	0.03693046746959461	-0.0851677933135913	-0.11317062465418164	-0.1333617486214378	-0.22022479456427313	-0.2691135721627755	-0.324165968388785	-0.19798529099052636	0.10409512531048315	0.23667777440768858	0.35287864881045955	0.4554666130716049	0.28130434361212153	0.26330173069459906	0.07036928045731188	-0.02656692361610255	-0.08227988473522249	-0.20687624527351214	-0.21396578590206813	-0.16759484497645244	-0.08192291621292086	-0.17639335651481713	-0.081572204775562	-0.16249799070746698	-0.10629604298521994	-0.0678081238636938	-0.01117003272329522	0.02969680959425246	0.03624432755866803	-0.061280591690786215	-0.08150612709526765	-0.1465990724959074	-0.08596321437837545	-0.0913891192361267	-0.014668045036323081	0.024056152177810864	0.03531439332339315	0.04598764545837558	0.12055952497485702	0.15359715658187714	0.23967322414897077	0.21318323457124502	0.19543313599306525	0.20085002618156578	0.2302010178812035	0.19395955687031335	0.05375618526297647	0.14542713495484633	0.1394483404775921	0.09404934387976602	0.0244850168595764	0.08278720032582923	0.18366531912147088	0.21825709420124859	0.14349879877918773	0.10452742545590674	0.12386849885763927	0.1550396786016788	0.10553357062436211	-0.013119253930367987	-0.042312678796277085	-0.03127147181729468	-0.03915775476007647	-0.06453134883067765	-0.015154100902550389	-0.16833108959835225	-0.1621772514309701	-0.14608938173230648	-0.11263034238303422	-0.13266559460573493	-0.18643879499562377	-0.213958323807848	-0.07992308847797637	-0.10615147409425651	-0.23579869672724085	-0.3030676751190216	-0.28233892864394966	-0.3332181765261651	-0.12922999078061598	-0.19427134480189925	-0.22780822609630758	-0.13525092138660666	-0.2820171544902728	-0.21387387588399506	-0.18347528782434008	-0.175519985335206
THR40	0.5419060165195749	0.3763726743500688	0.1703841938054878	0.02716476170086053	-0.1332530081696985	-0.20734930295259643	-0.22055742135991943	-0.0914343259959026	-0.06556990371792287	-0.17427623108863483	-0.19782774139916584	-0.13444216373690948	-0.09424982830593866	-0.14532105114265445	-0.22445618404691103	-0.06603873812515271	-0.05127965986722871	-0.07088107043955325	0.05181693809598084	0.012818218502326948	0.16495831102236538	0.07646236617386683	0.08508596465881363	-0.07823297691403627	-0.12357961901596126	-0.18360870045584957	-0.17960204852896258	-0.13666308016245707	-0.13092511079274277	-0.14384659017732437	-0.09720312507574615	-0.022198899070197804	-0.02930551582402082	0.020122773330050314	0.23153200436906293	0.4268563286366093	0.33434867584859224	0.4042988606122572	0.5706177272367723	1.0	0.6260136793890597	0.45064307595564473	0.30086753783446285	0.17676856391600518	0.01958619654558577	0.018989750829636422	-0.07662380799249742	-0.16954724895548953	-0.22314693157142682	-0.2630221249861985	-0.06846666295293323	0.22269694492035985	0.3719263821210393	0.5482395543163474	0.5784542050877959	0.41685829905811855	0.38734090576439917	0.23083991913074062	0.1313026846720131	-0.011661453319773325	-0.16254568525165322	-0.05644309185009651	-0.01697619179659245	0.04310333148563507	-0.10974831456740045	-0.04527423862452657	-0.1756225495388889	-0.13975614723200078	-0.17611659760322879	-0.1361438934637697	-0.07247330244265995	0.057697693424064916	0.10407828752395522	0.12846894772121387	-0.029851580190656566	0.04266238133751362	0.10638758428608175	0.13798440920023197	0.08701407550115524	0.09337853511160618	0.09989310961828976	0.09320913026636848	0.14597540418048277	0.2462491244526577	0.19427768971092707	0.05392892489037172	0.2378410025272608	0.20602239915633966	0.1124220176482316	0.03448823063561475	0.009763201107953198	-0.00796894785745083	0.11906699891245595	0.07516918767244014	-0.05670216657227458	0.1275908457640672	0.17470297847847377	0.08668048817007733	0.01040602150195125	-0.04632642942257472	0.07208711121871539	-0.05976547552759038	-0.0677818850649077	-0.038638627994930654	0.03681879610595644	-0.008128525064083838	-0.020251831629537385	-0.013432454485408626	-0.07017234517323134	-0.014329869057575242	-0.0973966490580655	-0.110118725591915	-0.09469655185768194	-0.11771010252849752	-0.14002915390457055	-0.06791880966873037	-0.1970635614610682	-0.2621323183182286	-0.2584774000584775	-0.35788729506768696	-0.3498328714559928	-0.16232603879805296	-0.2608572562610125	-0.3353415576767313	-0.13881133102788598	-0.1918566296769442	-0.21438746264242997	-0.1905162204371057	-0.2701773138221875
GLN41	0.223528582560993	0.1842979681518492	0.12139734016704022	-0.03617513109852664	-0.17474081018230894	-0.19026543759715628	-0.16685975559269187	-0.09390512648965631	0.05943096397886679	-0.038959065319634785	-0.11071208257842162	-0.023369767856462415	0.05296935941706696	-0.029512630724273733	-0.10992246212214411	-0.005090491692923833	-0.01347249588393279	-0.0460080892083031	0.09242475410748237	0.06049255151685602	0.18083388626188718	0.07290598874483764	0.08749279843571886	-0.13581850265805653	-0.11323250831254761	-0.1279756193622496	-0.11129216355009151	-0.11699821365565723	-0.1151317541849908	-0.09406046269311727	-0.07237557474269521	-0.09070991696837685	-0.10036521613253092	-0.02930429867680708	0.19974751465671356	0.3439673853639321	0.22879371690833852	0.22900377838007055	0.34974406901906413	0.6260136793890597	1.0	0.7167235472812729	0.4372439590980053	0.2397955190142333	-0.013667868245532719	-0.01087616583882756	-0.13502771400718752	-0.23181932689694784	-0.31061461713821725	-0.28763371832058193	-0.059138012369644735	0.2967309098077598	0.47311963167085447	0.606226805056312	0.48891083757770526	0.29775280497559076	0.37668123541885046	0.24159021264064595	0.1398342437260478	-0.029258736973645342	-0.12090768572978308	-0.08130835832562067	-0.03601345039938017	0.016384706824632393	-0.05794955810011156	0.002587705111321881	-0.09930425677077905	-0.06819038478253155	-0.19356622848832203	-0.0917737677775281	-0.14156734697513806	-0.07638177881220866	0.015840066892637634	0.05174482113304209	-0.04087450531024978	0.028857553050047297	0.04524496022323608	0.07494212570091804	0.0626313636299089	0.04626479701649228	0.02660481791985055	0.09805977014968284	0.2583351902535542	0.24652783174692935	0.1675379633488273	-0.016937356630042467	0.02958429151025236	0.06802257571508505	0.045387406456665856	-0.012126805526329701	-0.056011658523485476	-0.118086096580926	-0.031071741832479384	0.0070192848878648925	-0.09978182255223976	-0.00978683753755815	0.13442577182609258	0.13219288366276713	0.06939258350993141	0.04056417739796408	0.10748339219106663	0.013065657266510244	-0.03907569068046791	-3.6019246402790535e-06	0.0626597967840147	0.06064266619936621	0.0697417690883197	0.07621346498938668	0.020714898389173	0.09152093025107737	0.07037803431731728	0.032737797372454996	0.013247511607034692	0.02897384419515548	-0.04026059480887872	-0.15534082583965245	-0.34161285071890135	-0.361543575419924	-0.23726228458264872	-0.3450423920905825	-0.3001288378138517	-0.18210824914855547	-0.4097313557346389	-0.26719158988845276	-0.06963247283657706	-0.15022129525626884	-0.11401938779917578	-0.08442310206136071	-0.18213516109580163
ALA42	0.16314931902980814	0.1196442161051209	0.13925422451299485	-0.036194846769594405	-0.16329324947741716	-0.13177463671289552	-0.08965950000668182	-0.04729278557540445	0.04813495511902047	0.09568601488429626	0.051171642723313863	0.03696819817679752	0.09837692112607874	0.09675428547246841	-0.09197921461989597	-0.09426745530977669	-0.05743872067342193	-0.03148405332265564	0.06740644775759626	0.013109214234148554	0.1450684290363304	0.09008876010264712	0.05642264611382521	-0.08525990955367357	-0.08955873104421548	-0.11673963443752206	-0.14268437991904814	-0.176102336915574	-0.15811576042252284	-0.13169530285893313	-0.14068497452012252	-0.0909609275832724	-0.17634236086182903	-0.045327083373571816	0.1731670950694109	0.30459880257868943	0.12978041194036186	0.18812670831118314	0.2951576702166833	0.45064307595564473	0.7167235472812729	1.0	0.5390490021605432	0.3091091347613976	0.034626912097751525	-0.020021894152215856	-0.11374517939227095	-0.18175586078310382	-0.24597389959788035	-0.23443929721203036	0.05600700786066302	0.36463426941086796	0.4346794388890254	0.5167763813091247	0.4082420992112769	0.2617431799369517	0.4123578243732362	0.15892210027480524	0.12621067476500014	0.008364181529705242	-0.07633358719487118	-0.10974457520587892	-0.09715831635353109	-0.05367607733575003	-0.07883201962325037	0.04679364997449699	-0.06382483448003415	-0.006217714323948777	-0.10439556037190481	-0.06456664874637741	-0.13589713737566955	-0.1045938078134133	-0.059853027282924666	-0.019108817943938008	-0.0489701859655032	-0.03363392618776699	-0.04877461645962341	-0.014048809120650976	-0.01698376953117596	0.04226753156824376	-0.022734597816519684	0.020037850110927076	0.12872008113490774	0.13069436137317078	0.005584656343404628	-0.06170155364342112	-0.0581034782449102	-0.024467187804176005	-0.012324782753610769	-0.04170812819261719	-0.06720097135001818	-0.1266118842805886	-0.07428542803809447	-0.02484745763144384	-0.10304096499944111	-0.006773559628573144	0.1307312301350694	0.12193641769389543	0.04959849552480498	0.06542708274003652	0.11307928030801774	0.011107217299943985	-0.025628077979079185	0.0030974467638824775	0.036379631090855735	0.04175128454824153	0.03610427101666222	0.039752978115416206	-0.07262917424208526	0.002468430829557828	0.03189550356833365	0.013706540326629171	-0.07203524831435054	-0.06407847201623867	-0.07195310048642624	-0.15906123489154217	-0.2780789001537029	-0.2805900886792232	-0.1563014746603959	-0.21581632627857605	-0.17583750888292576	-0.10332940488713374	-0.2974333037309944	-0.12267050347840266	0.004267665792462764	-0.15692252655314007	-0.10226033468985987	-0.0535233401612102	-0.07820420445878437
THR43	0.04007127892763476	-0.015276507280480654	0.01756620542467044	-0.1623396293540707	-0.23676691211166195	-0.23588387235123398	-0.16143739856610972	-0.12735548662094098	-0.017635819343472883	-0.03653643067375691	-0.099124641782854	-0.09174516482270073	-0.04483088410956073	-0.019169272610546923	0.0636754231654754	0.09442259702776884	0.00661759734214139	0.023308680356638866	0.04972176946691639	0.05486718618548289	0.1394890602857801	0.10957058129519288	-0.007523184420426204	-0.059859682955522776	-0.11416890648493304	-0.07483111447673095	-0.17357203042221617	-0.16818124109505786	-0.07100134586665542	-0.07234567806955648	-0.17857906288664865	-0.12202852025918841	-0.2262057312592333	-0.3377828684772028	-0.1283366222318186	0.034489041418245034	-0.050170827484556604	0.09010513585757195	0.18736496945353295	0.30086753783446285	0.4372439590980053	0.5390490021605432	1.0	0.7660929526253784	0.5640624667271861	0.4582287734384682	0.36530536566226895	0.2762052654764897	0.22036213895654294	0.22859862728589345	0.43226446415583214	0.44359463105095825	0.4137746388102672	0.33515730158786305	0.2851514130851528	0.1546213285143851	0.22496796401180627	0.16791922535120382	0.15674545257313446	-0.08265647654425973	-0.258320921862167	-0.2598498067360593	-0.14861515969885747	-0.07579456470229808	-0.09433126312522919	0.08329950072769099	-0.046184688434014465	-0.034721338373422485	-0.11497219820340523	-0.1405921463876906	-0.2676954571521532	-0.14685402218618368	-0.10094575511555255	-0.0667053987973813	-0.1425351615738887	-0.0971607310948185	-0.09568327542855115	-0.041277261543141805	-0.029629909766496976	-0.0030400032789012032	-0.043985556116124105	0.063805977420175	0.12097728578274602	0.16674359976273423	0.0024522010866081744	-0.18364866709481809	-0.1182737725691597	-0.1047453068029142	-0.030045921065432017	0.03189647192501808	-0.04441090137665009	-0.0376113281759483	-0.020414911423543926	0.02773285766807629	-0.03779185063646884	0.08838423569241244	0.13060204775325057	0.06807063956079079	0.0681280032074343	0.07411439218131866	-0.06256933520351822	-0.113429542322992	-0.12545005949494556	-0.04587256960741935	-0.03358818603843828	-0.09467435722569024	-0.12602127644896477	-0.0622621432843556	-0.06728972371463902	-0.07459581529541665	-0.014599003534588057	-0.061318217739656386	-0.1643799087151412	-0.06838161520520056	-0.026909669949561604	-0.07326003165719494	-0.15342338714899154	-0.10919862776950194	-0.10830838228689123	-0.14238639489391341	-0.08976574267895367	-0.06885957356775316	-0.238151623936717	-0.3135523394934283	-0.1567722392200423	-0.20990779551456676	-0.2083263267763188	-0.18803429243895614	-0.23671015698640224
ASN44	-0.08408845077827687	-0.09017780189082453	-0.015822658625288234	-0.13130681776392544	-0.19335251277139526	-0.2258602723077018	-0.13778750531119496	-0.1714369516558897	-0.09047951914251251	-0.09447071646915224	-0.15099933927751635	-0.1649249765701675	-0.11198045770810058	-0.07053369981780976	0.21951766403652884	0.19045417079153282	0.0858257654496977	0.10331358762627399	0.11607344736054458	0.14280170101052655	0.16061117262359362	0.11083240568410026	-0.02505905592366726	-0.033212581450779495	-0.10409871165928421	-0.11270110958609647	-0.16205217207749684	-0.21301294750180877	-0.05746661642805714	-0.03325263108161513	-0.1648734446040763	-0.11283520549137399	-0.19292572033162994	-0.4414915960379496	-0.20649443972705156	-0.06171033178168938	-0.047642992175966105	-0.031736601106926776	0.03693046746959461	0.17676856391600518	0.2397955190142333	0.3091091347613976	0.7660929526253784	1.0	0.8156820208044042	0.7077097140481179	0.5792450569434301	0.5057859609719093	0.4233835296823231	0.449012345964849	0.559754206685665	0.48925048864133663	0.31911349878705253	0.1547708037163577	0.12959998821186117	0.11177599888518637	0.16211164170390222	0.18067858815804996	0.2443598027521278	-0.046225985140724915	-0.16849951556903103	-0.19414345727608912	-0.07395490715954639	-0.0778055644109073	-0.03856890681725209	0.12186994285486227	0.0293241016187667	0.03945638802253688	-0.07325817634651101	-0.08765488074312426	-0.1693340482707112	-0.05778180008892925	-0.06722896204751669	-0.041092707881902696	-0.06227235504361095	-0.011728546120204688	-0.02229575527320641	-0.020080091579041857	-0.010116867023760764	-0.08251934351865585	-0.0689218469431003	0.0029880687125650694	-0.023973622627068862	0.06266903388666233	-0.09366225916456243	-0.31971491601231217	-0.159607928392612	-0.21844608954917719	-0.07671671806782746	0.04544029339648008	-0.07849880071467569	-0.04897167665691111	0.0322899831943637	0.06895728090517192	-0.041892707923609426	0.11923014428403128	0.16427791223166324	0.01240157631792598	-0.017352680274006087	-0.012663365489999145	-0.20863470567127249	-0.2504141977089708	-0.21542999005748528	-0.1027202287119094	-0.09494327297086655	-0.21400302082187275	-0.2354275991325271	-0.1866599959322753	-0.10044394430120258	-0.028651149531098433	0.027697074975948366	-0.04245436161249815	-0.06895417684432137	0.09594424197310569	0.07295643485954212	-0.04071123981300915	-0.22199834082088696	-0.12820521952365185	-0.14334483893667338	-0.11681631164301022	-0.060486339604191565	0.03634727025731049	-0.2724308004233126	-0.45458517130569587	-0.23304241403123446	-0.15662266547367248	-0.22938579904467846	-0.2028113804120705	-0.46723623354721067
ARG45	-0.12473170338047139	-0.13442748193612952	-0.09943961549189984	-0.16772724183482104	-0.16332252200661365	-0.21269621769179134	-0.10560364992588238	-0.12478224017444647	-0.12497034288308073	-0.12549619029687817	-0.14721939477747076	-0.1909627523208738	-0.17143178944910376	-0.12771247440370986	0.1747376219236849	0.1659006410873828	0.0681374511948279	0.12053431934209301	0.10977749951046413	0.12783555764749954	0.10173025620132992	0.13288879285505262	-0.018433677445185183	0.018580084645848722	-0.08211674592088511	-0.06554107358433058	-0.10995746571651054	-0.12358593606185153	0.05054162289076056	0.042740777047492545	-0.07895810053222067	-0.028041592936650157	-0.10267282405284722	-0.39998538865772587	-0.26984295527201957	-0.14968739603842696	-0.08402140766695786	-0.10047646435498508	-0.0851677933135913	0.01958619654558577	-0.013667868245532719	0.034626912097751525	0.5640624667271861	0.8156820208044042	1.0	0.8609256463279931	0.7480165123756223	0.6598347912120589	0.652051668207502	0.6599418565813826	0.5646013913543155	0.25260022226349343	0.07915942339867846	-0.06977736189643266	-0.03674913059394093	-0.0002521413661977348	-0.05242955157202929	0.06102844255245825	0.11627037328525765	-0.07717268289687405	-0.22098576034941228	-0.1845118509923695	-0.08321810390545455	-0.12335266517976246	-0.10053592542242885	0.06529153940090897	-0.05962773723800813	-0.04454764881756916	-0.030690184347095948	-0.11686976055773629	-0.08946748094479309	-0.0020895865105062333	-0.07659347501411289	-0.10474160924432775	-0.09594097419408114	-0.05572004458882376	-0.08873014930300088	-0.14245068780735404	-0.08727759950396842	-0.1610180039124709	-0.162251126789144	-0.1106485059591329	-0.11741253654433782	0.011325717359257399	-0.17531890907178257	-0.3113971228383222	-0.12787000992283948	-0.16993750017055811	-0.043936349895275104	0.06960046294711861	-0.014681247256761136	0.09887252132607113	0.1163943529739725	0.08283359649819921	0.02905793123385048	0.13500903007906864	0.10580793526973202	-0.029954513595435748	0.02053868403424507	0.015596218846856769	-0.2173243108245397	-0.23634887593380174	-0.2635792541217385	-0.09806638900017435	-0.11607463011698269	-0.24212999714384795	-0.25583913207591114	-0.17615730686642536	-0.06589384865731437	-0.08359220416208007	-0.013110397004476665	-0.04458266776463697	-0.10776330060292139	0.04288055850779266	0.014109566755430202	0.06628107361519671	0.005752072257538234	0.08499172233293875	-0.06860048909352703	-0.01039302306684418	0.033909610705652946	0.05702759978758671	-0.10540130055482141	-0.4426052424303295	-0.36061815104115214	-0.16109392692404814	-0.23826466414324537	-0.19805028327402083	-0.40390191060341635
ASN46	-0.048203552517536066	-0.06891084083197327	-0.04803640959197509	-0.0884600867917464	-0.17500219628724564	-0.2351639041061057	-0.1222140453969063	-0.14745671995514611	-0.18001877554524923	-0.12524200925173115	-0.14529525660473755	-0.2023506629225975	-0.20255670398757922	-0.1738904868940338	0.1161853318298608	0.15380700079220322	0.027134196657007507	0.07012053799252817	0.08975850812084846	0.11570359640905252	0.11190625999370452	0.09857339519721779	-0.0787961651917301	-0.10399381588844776	-0.11660776043212229	-0.04932972553021805	-0.08922112087341413	-0.05025837645407071	0.11718472945529604	0.07954951579855474	-0.004590100928457523	-0.008739202295887004	-0.13582828740128572	-0.3938662014953354	-0.26443970927563043	-0.16030382050389702	-0.09429914783735813	-0.1082231123441626	-0.11317062465418164	0.018989750829636422	-0.01087616583882756	-0.020021894152215856	0.4582287734384682	0.7077097140481179	0.8609256463279931	1.0	0.8980008541924205	0.801676948335607	0.7149968763562549	0.7149909059380171	0.5288097451942293	0.25405756583229666	0.0336418022600106	-0.09012710997497748	-0.0752580298720844	0.006802389253929457	-0.017202599391340112	0.09302754673732	0.15726277267897346	-0.05348094826126906	-0.17597291492263598	-0.15594143086742634	-0.07478226081302751	-0.11472931546669907	-0.11382323533715787	0.017103708814774306	-0.06751148043412018	-0.04135696673007352	0.03544166489837407	-0.024207547351210435	-0.08263816281652975	-0.007279138383279962	-0.0948530397250887	-0.1430620918538804	-0.11247870590864102	-0.04804331036464758	-0.06715937776200932	-0.15684619517535794	-0.13289043793432515	-0.18351092170254402	-0.1782942953679527	-0.11386520994840234	-0.08970948275082577	0.05879186228529074	-0.12066488654896301	-0.24655117114189995	-0.04135239653185951	-0.13031882091299074	-0.07349789211930854	0.005097915871759674	-0.032812565279715704	0.08512492820779609	0.09257631162006716	0.06200354827087188	-0.02832838644700583	0.11662852326040883	0.10929736678483706	-0.030941447295161236	0.0143309767288071	0.054832397260859395	-0.10329845447939147	-0.16665908421864514	-0.2123529645561491	-0.08168420434596652	-0.1585886391503965	-0.2664328364171684	-0.28858652476662766	-0.23101715238338238	-0.12006403103654564	-0.17903540388619688	-0.09630135725910856	-0.10204811238226431	-0.19421586128196655	-0.03359593218889393	-0.025441323898475355	0.026999984408714317	-0.038268788617797665	0.02099349977311644	-0.1524154153617812	-0.02945569908421668	0.0052033079276226375	0.030543344122942535	-0.11842525175291028	-0.45374406825024255	-0.3780759410736801	-0.1862936136587184	-0.24006746231093684	-0.20168555305210156	-0.3288816077038089
THR47	-0.05809785498190765	-0.06908601807965047	0.0016095172569948414	-0.037729099430529954	-0.12565329023372668	-0.15086816893157978	-0.04046293961537391	-0.06351536673227617	-0.10698277384440004	-0.04743885477522529	-0.07589329058189098	-0.13862248792624599	-0.14773926509120516	-0.10811385237545443	0.1357136892440399	0.1380122673023516	0.020246819625213727	0.062265480623598955	0.025426995468574937	0.036786778606088484	0.037003811472193504	0.029654942603977608	-0.16032667977086187	-0.11792110491864413	-0.1176474690689076	-0.02921224047200796	-0.08110377577270078	-0.055975842368896585	0.10500361753162217	0.05026357551013207	-0.029651980885914246	-0.03629213698521046	-0.15587700348092745	-0.3943760317414705	-0.3156277186466584	-0.21020151922219252	-0.13977778773127178	-0.10658573184682953	-0.1333617486214378	-0.07662380799249742	-0.13502771400718752	-0.11374517939227095	0.36530536566226895	0.5792450569434301	0.7480165123756223	0.8980008541924205	1.0	0.8731096053633561	0.7653855445434068	0.6656989299220698	0.4321464815310619	0.14739408945687185	-0.055043596292719495	-0.19918307107568894	-0.15018197280216378	-0.06565315308811676	-0.1111359811943207	0.008455792412045781	0.07361173368012579	-0.07002613165536563	-0.1355549946387794	-0.1766402932151986	-0.09210550470702135	-0.13111697697299962	-0.1041765603364954	0.034223345108840314	-0.024868812238779	0.01967264003693688	0.07694860318644835	0.019062268914634608	-0.06248964338577606	-0.027609999659158106	-0.14134931429921907	-0.18299642177225006	-0.1355501988868574	-0.06447683726096301	-0.0805919050323646	-0.1658978480370862	-0.1580972128009713	-0.181755348599194	-0.14008565472513215	-0.10529049740366189	-0.09014491714722304	0.060099720420494905	-0.10892590703559563	-0.18596355061332262	-0.022030647436616264	-0.12636473075389154	-0.10323485040485629	-0.021242562797981892	-0.021515393923721704	0.10560525879962811	0.07300322093169175	0.02093657876038344	-0.03161384874000953	0.12324185981314453	0.06971882228805944	-0.08147583058464736	-0.04561631930630617	-0.0077476291571927265	-0.1284570125125775	-0.12940470787671052	-0.18473869034930523	-0.08858877103307909	-0.18159397091616403	-0.2586892972209287	-0.2667182753238673	-0.23239530418077814	-0.1436984294763829	-0.22203582882072542	-0.14413193509111033	-0.13379769136743638	-0.2566784347673756	-0.11087912436813983	-0.06265098536164425	0.00130781154223223	-0.003366803329795498	0.05731672059347861	-0.15020538958406823	0.007645620439946777	0.05149002497578949	0.05959664261781	-0.06192807585656304	-0.35031562075667	-0.305587921350595	-0.15020424697596746	-0.17543161635714027	-0.13192481799454867	-0.18557917249316921
ASP48	-0.15057162783832542	-0.14022192211214365	-0.07693983535006521	-0.057762519622072975	-0.08767328350149566	-0.15144010808815267	-0.07053860832993894	-0.1279669049504645	-0.1962624294643383	-0.13624549813442158	-0.1279887185838817	-0.20242927329746416	-0.239447159996784	-0.16534223980060894	0.1446927221768921	0.12993784945539955	-0.04079641266765471	-0.024504044707257283	-0.03420905211515452	0.01851007882472167	-0.004539977897329959	-0.0007300992822996678	-0.19758310923821296	-0.13126633284138645	-0.15134428264668295	-0.024521201545217555	-0.08846953332101504	-0.07405024411729648	0.0542348353269448	0.026011030925472477	-0.04436572173913847	-0.05465950118072456	-0.1725850521240925	-0.4399651057866866	-0.41079529624817873	-0.3168093870787419	-0.24638369782359879	-0.19078381571306463	-0.22022479456427313	-0.16954724895548953	-0.23181932689694784	-0.18175586078310382	0.2762052654764897	0.5057859609719093	0.6598347912120589	0.801676948335607	0.8731096053633561	1.0	0.8711845777112794	0.8004131984878303	0.49946862848231266	0.1254192209286846	-0.07703664078724419	-0.23929408038658992	-0.19495445426532215	-0.08713125569413599	-0.1124164561989589	0.02933158882148946	0.12512428044586665	0.06708248239241188	0.03172610406334404	-0.044255060223645386	0.0049901280137144635	-0.05789952419152473	-0.010520821553050567	0.08810481717742186	0.09058870415793037	0.10177804386825029	0.18587412350206217	0.10964947199157504	-0.0058807624590763155	0.0036343823345693677	-0.12538911490072982	-0.1460290046477093	-0.06643897286738486	-0.005878530637141492	-0.06247547460240655	-0.13362842499675504	-0.14800811545603165	-0.17076983273994917	-0.11686966362732192	-0.13837699514686258	-0.17338217968370673	-0.06001862550422628	-0.1997295397286463	-0.2646934502170933	-0.06293853537618065	-0.14795416048078744	-0.09257880886898497	0.018472344653770786	-0.02444706589698237	0.1178984967040155	0.08216617367990417	0.05869364940000302	-0.01624370805830375	0.12829138095004858	0.019365192512362583	-0.14463155308043502	-0.0729095169277978	-0.056661149698225416	-0.1699218138044197	-0.1555048279288606	-0.15192502502803598	-0.09987397400576598	-0.21077563730714227	-0.2605284771802337	-0.26587715648375443	-0.20186957903852132	-0.09401079621169069	-0.22792709704964054	-0.18114028227707124	-0.12733264379986933	-0.22297947925157924	-0.11844316304733725	-0.0726800762131917	-0.03649872823130389	0.057594108234008755	0.15454317258323247	-0.026415397152109044	0.12220650538233066	0.14453995346766196	0.1408143851123539	0.02528797864232572	-0.2889706886965581	-0.23901164626775945	-0.08459927978678082	-0.14354167420946784	-0.1373134362230873	-0.18330660927529704
GLY49	-0.19398098458077204	-0.17595306176581604	-0.16630479150731323	-0.11425769837803593	-0.10198049083869036	-0.136665363889345	-0.06847375435028286	-0.11921689432949929	-0.19137584726650875	-0.16969293308756667	-0.12943208507588058	-0.2025051430600552	-0.24166418383730584	-0.18042861809975533	0.08042907513496075	0.06203595729688981	-0.029618034123840523	-0.001397636081625844	-0.022118374490137562	0.020959809332474263	-0.04017904970789114	0.007027306402419945	-0.168904131085472	-0.07223510448078047	-0.1393379051263037	-0.0335657083306897	-0.08749402195250221	-0.017448731533859566	0.09844115740698058	0.05664874464751472	-0.022615814137570737	-0.00045890955129136517	-0.09880612468841	-0.3512021093004083	-0.3978831395053966	-0.2900514786174661	-0.2211182706523739	-0.22097594132852622	-0.2691135721627755	-0.22314693157142682	-0.31061461713821725	-0.24597389959788035	0.22036213895654294	0.4233835296823231	0.652051668207502	0.7149968763562549	0.7653855445434068	0.8711845777112794	1.0	0.8513339122944895	0.5081861898407398	0.029234063367879422	-0.17563193675005137	-0.28330268779104756	-0.23439391945218513	-0.14583464986943695	-0.19666025133572979	-0.07244170578622035	0.023610421405503727	0.09175868347456508	-0.025886477054893154	-0.03615738751142515	-0.034022319139343074	-0.09151717404369093	-0.020321748583999964	0.06676818845992563	0.07394295199470682	0.02727630586269566	0.16666131631178738	0.052202822319933874	0.02267976652390907	0.025953120347457816	-0.1086154332397085	-0.16423986727331405	-0.06876591984260214	-0.025909125614653743	-0.06512744988306289	-0.18435456826795274	-0.16404790668805627	-0.16045998045557974	-0.16555921379353533	-0.1699561674988784	-0.20285160012946432	-0.08769212583555176	-0.2713117909024361	-0.2762448651267511	-0.0846015698958249	-0.13193219980017537	-0.018023422627373817	0.03853856330751953	-0.04491002259304049	0.17310498179994654	0.09479402614355414	0.032041382436815015	-0.010571368898697068	0.14296376481585307	-0.0012997874654489124	-0.1897948706007294	-0.0851132962763017	-0.05798708053459434	-0.18230668853375265	-0.18938704425718472	-0.1797663600133406	-0.11106832061768757	-0.20652105264242457	-0.22815857244728088	-0.20880815997404076	-0.1473674595889153	-0.009502356341839947	-0.1613036371201045	-0.15816931135940743	-0.11463428787538703	-0.19217116207408952	-0.11500896683746736	-0.10359304464419207	0.06595911356428319	0.2122190762621038	0.31442205855903194	0.06265741069427111	0.1627555614741788	0.1683926365873624	0.12107382684120507	0.1255865960777862	-0.22601391914775165	-0.26679105256336666	-0.05700744907705423	-0.10903711171108568	-0.04707843939100939	-0.10821141936806801
SER50	-0.22968704668229178	-0.2195740158584134	-0.2200476386347205	-0.13425721545702243	-0.09728000663583702	-0.1328260529080552	-0.052661329693866846	-0.1580237590448595	-0.24265097105424244	-0.20313199355988112	-0.1623173483326614	-0.21071536789425224	-0.24691466400442302	-0.17825549199130256	0.126295705754398	0.11909598334470585	-0.01937208300400657	0.010421042219562051	0.014913237675901289	0.049558141544834074	-0.02319283135275142	0.04392670845819647	-0.12466703135629081	-0.05646985735799937	-0.09277931276149716	-0.0072252506069109875	-0.059093945125948184	-0.03689344971588288	0.10505656360665691	0.08673409999444338	0.0020328146938804643	0.008826155508180979	-0.10896739541798331	-0.3543624735889063	-0.3694045476145703	-0.31106602329042343	-0.22942430089877894	-0.2708341416523841	-0.324165968388785	-0.2630221249861985	-0.28763371832058193	-0.23443929721203036	0.22859862728589345	0.449012345964849	0.6599418565813826	0.7149909059380171	0.6656989299220698	0.8004131984878303	0.8513339122944895	1.0	0.6656893027194344	0.17030265740549275	-0.09790141265373115	-0.26941822855840375	-0.2639993578469127	-0.1332480451863289	-0.12825938074321946	0.05903212558339947	0.16296776878218192	0.13706077713239526	0.03724816805152866	0.006852617455348725	0.012803139416776278	-0.059970059990757246	0.004802961288834194	0.09305398427275857	0.08172247995704916	0.08248815113124913	0.23780703796976865	0.09804610480680691	0.048922756913162356	0.03622423982478898	-0.08859867029129612	-0.13066408195182666	-0.04118760520316491	-0.0019047977831171592	-0.0761027733945991	-0.1931482861946572	-0.17203654828414358	-0.17436726166723113	-0.16804991247340884	-0.14560659745373705	-0.182957374635484	-0.11117424390196443	-0.2309611985879875	-0.2916903232283147	-0.13838805816156352	-0.19323998691980834	-0.07461815035315143	0.07460641937110082	0.0033416916634103583	0.1416944883262573	0.04176248296500092	0.04909747483915852	0.009810916113829456	0.06910144332444793	-0.02451472420078714	-0.18907514268308925	-0.09371702317876812	-0.04198532648850496	-0.19730184152364638	-0.23715704722825512	-0.2059322540903643	-0.16678634609286866	-0.28219506945830886	-0.29605594338161173	-0.25981864898107293	-0.17289620775550826	-0.02247744866653572	-0.1303144466109889	-0.10007369057069086	-0.09311928445490342	-0.1456333607221194	-0.029355357287634838	-0.03680861066094706	0.0192111388816377	0.13458700450007652	0.26528080651297326	0.10565291328930473	0.19676537859187954	0.19504356749617288	0.17534572905228277	0.14821659902320825	-0.22763560350295803	-0.260182711802482	-0.07493292819018318	-0.13248898645873136	-0.13380952874073718	-0.17648297021412793
THR51	-0.20927615496045393	-0.22247796726952757	-0.17734648825986984	-0.10434862626352852	-0.09512899062499613	-0.09425107174482547	-0.029769191947594482	-0.14124177394431497	-0.13857699885800612	-0.03758284276749227	-0.04465427894591767	-0.12473132641797463	-0.08559210881300196	-0.004124285540743141	0.14852973382819226	0.08395299677401882	-0.022428636179428266	0.0175686895845436	-0.002244632722605213	-0.0003387591114035503	-0.05780682929711103	0.0006392021169871205	-0.16456594060310115	-0.12552888022935088	-0.11718198273806822	-0.055839298710669984	-0.18800120827818528	-0.19863638114420512	-0.09936879727168094	-0.10683218376698295	-0.2499047882666387	-0.17647283217649556	-0.23121201920157491	-0.3384657330815244	-0.2677000648852609	-0.16800836009259223	-0.1418569902266072	-0.1790071902723188	-0.19798529099052636	-0.06846666295293323	-0.059138012369644735	0.05600700786066302	0.43226446415583214	0.559754206685665	0.5646013913543155	0.5288097451942293	0.4321464815310619	0.49946862848231266	0.5081861898407398	0.6656893027194344	1.0	0.6198762585277733	0.2575789076579407	-0.01956264315593093	-0.09334313480817816	0.0302195153304104	0.14077379562811257	0.2757276049933318	0.38773694998078323	0.2493950156344901	0.1589057756436195	0.08598731202242695	0.10892864758537507	0.06432027986163988	0.11353858696297606	0.2902292175088508	0.2349625367528726	0.24945387450495823	0.22612624943114165	0.09218586964631931	-0.05693720404537043	0.007222470945342092	-0.008634926126216733	0.052095427093463355	0.09550161409664003	0.09121806714864651	-0.008550188561013982	-0.03300165001906042	0.017371555358017994	0.01755571806016527	0.01928662020108101	0.019336628961735453	-0.021711785502659033	0.017098696715079933	-0.09197640559491732	-0.2502675922701707	-0.22826911404735353	-0.28393148103181715	-0.19414312409808693	0.008233621712582202	-0.08085433252863757	-0.06779760026148018	-0.03727258450497884	0.061966826448305576	-0.03402216016470659	0.045422675318669344	-0.032352468968562344	-0.17075085692913278	-0.159443371094394	-0.11848886292136315	-0.22008419059622839	-0.24390035185946554	-0.28236351661846276	-0.21383179272499295	-0.3015120842844752	-0.334557066073299	-0.2652295994825111	-0.24200280424939957	-0.14099538855197055	-0.15325412790364745	-0.16689034111768605	-0.2456819215222741	-0.1955760734857972	-0.10596073371039172	-0.09645672082186506	-0.22496283508101436	-0.13591075943153874	-0.05082851833464953	-0.00556046797645436	-0.007880968809513007	0.02532254839744698	0.06501493507210324	-0.09883760598003363	-0.186118338628424	-0.09284388087571767	-0.011691096365943275	-0.032090640349581055	-0.013354057754991185	-0.12814562965725734
ASP52	-0.06211050742835405	-0.05050740011128449	-0.013736828253692485	-0.03359965283316591	-0.11821378204391003	-0.09155102441934841	-0.021061343469606864	-0.09498320606984467	-0.040075340677819336	0.051024001211457615	-0.001081806419760376	-0.02830390140378075	0.03517891695681506	0.08022579885365784	0.12331495665182143	0.04596217400540771	-0.03729093375160437	-0.037639613991009485	-0.019809606627791177	-0.05101525669978191	-0.03590700680992747	-0.11751676650551952	-0.19442072745290095	-0.19327278012881396	-0.12730234050218683	-0.15308027257046924	-0.2496647541790809	-0.26196758274512927	-0.19010451633416867	-0.19203398906135832	-0.296047390119544	-0.2226535016526073	-0.25016290635321037	-0.19763235943156213	0.03386022189127237	0.12336064736158588	0.036412098358210646	0.007303237264193617	0.10409512531048315	0.22269694492035985	0.2967309098077598	0.36463426941086796	0.44359463105095825	0.48925048864133663	0.25260022226349343	0.25405756583229666	0.14739408945687185	0.1254192209286846	0.029234063367879422	0.17030265740549275	0.6198762585277733	1.0	0.7027481638975018	0.3531463265539629	0.25254743758889264	0.31130376805264376	0.5747526679057131	0.537070028180321	0.6304169075218626	0.31701747253673906	0.2580584044316459	0.15242239011915	0.2200828671389006	0.19025122528702842	0.10040623876969049	0.2401557488134743	0.17491022152645044	0.21921977316633684	0.08220541940290933	0.10387594630115232	-0.06832804194251514	0.0396904256257145	-0.005608461467554343	0.12177171264886352	0.12005499639389641	0.15420721966936987	0.054935512475102116	0.13191058906047273	0.14118843390841343	0.1890126249332474	0.20103774130216367	0.1721105331237198	0.15592046244977	0.14437010332302064	0.08911667972094235	-0.11441956841993825	-0.23707257080990335	-0.24022791054433648	-0.1622134980990168	0.00794741291890511	-0.07831104451915252	-0.20375232968537776	-0.038591769585373185	0.10479310352065117	-0.10527921549704071	-0.011538463313362673	0.03263754839240403	-0.06614995377788375	-0.18503146888931377	-0.1537684566885103	-0.11077320802826415	-0.18917188315957156	-0.2515485635507441	-0.19821241234955925	-0.27406320485122593	-0.30635287905704495	-0.27981611226910086	-0.28901503756098174	-0.2703491685071123	-0.13534158677896732	-0.16162145601273617	-0.25938590173396103	-0.16844803407383285	-0.07590657409633915	-0.08171290766436605	-0.32074178309349877	-0.442600721453244	-0.4053207729971379	-0.2322287505510864	-0.2794036921859085	-0.19336475048661678	-0.045613082567886966	-0.3638260592195883	-0.20739517938487728	0.01914804439583508	-0.04831627011993481	-0.004836241787158867	0.017727541268452357	-0.08984955915783316
TYR53	-0.013648098369244924	-0.004387571183919714	-0.001922523834978413	-0.07641531963530682	-0.15126834753162297	-0.14879085405753187	-0.1601653537647359	-0.09837321501830464	-0.013622813744726058	-0.07592942568240009	-0.13180979907521467	-0.12471685805235512	-0.04961305388523187	-0.03491753047932533	-0.018663610390830244	-0.03492198532453435	-0.08064514935202537	-0.113888880309196	-0.04965153588369654	-0.08297311459433014	-0.03643072111097413	-0.13534112350234265	-0.12714701519799065	-0.17675163668482258	-0.16039804204105346	-0.20919159401299314	-0.19761758945170943	-0.2528565885626982	-0.226021261921279	-0.15228331036050927	-0.2170291021510808	-0.15976097812541967	-0.12234608726601538	-0.09805907630628116	0.0884090927619905	0.2447228824779527	0.1343212631170808	0.10469219360392155	0.23667777440768858	0.3719263821210393	0.47311963167085447	0.4346794388890254	0.4137746388102672	0.31911349878705253	0.07915942339867846	0.0336418022600106	-0.055043596292719495	-0.07703664078724419	-0.17563193675005137	-0.09790141265373115	0.2575789076579407	0.7027481638975018	1.0	0.6460401786230751	0.5511140610623816	0.44587320730959945	0.6051702053682227	0.5568113982138859	0.530676346814711	0.2527724685422516	0.1696546005228258	0.20580167542216457	0.2613191823053822	0.25231541165826066	0.09925024376096706	0.18793879810848735	0.07741012741987877	0.06788956921456109	-0.04984713957176351	0.05576594513833046	-0.06779928971439199	0.07633117957972192	0.10641471675149064	0.21661747758703911	0.1881099677975661	0.1778547895030455	0.11563825122498006	0.21015084467838388	0.2054189868845473	0.29919306715931665	0.2317660536607717	0.22992167523829307	0.28791337259890204	0.20174231747458754	0.11859227418750734	-0.07856133039228622	-0.12504857238363726	-0.043374064119405774	0.01056435588783763	0.08503679763141922	-0.04667287208825573	-0.140246075113002	0.022879108731376992	0.1641834985120319	-0.033263654635159866	-0.007603539917893363	0.023300357183099123	0.04171086627862814	-0.11616721591215222	-0.1924499036231342	-0.13314462052609835	-0.21494821900864577	-0.25559061857567783	-0.1709219146207691	-0.1619211730750402	-0.21061240090464584	-0.15590786290436853	-0.10508034127049898	-0.15171646082996965	-0.009236005026323574	-0.04581654720560662	-0.12656754567461756	-0.0667014797229556	-0.02845312334694176	-0.041062514738011736	-0.24744628905313068	-0.35344612156592786	-0.3424200674957697	-0.22777257079614616	-0.3459414235512831	-0.24501617746688842	-0.11885293670078474	-0.4218687255427859	-0.2785866983371592	-0.011191795963228793	-0.08074293131853766	-0.01488626653302384	-0.012924595925125367	-0.13346143426217857
GLY54	0.22420417883131646	0.15965130672350505	0.049404810895231785	-0.10550823640007788	-0.21218099241090607	-0.19025817159236516	-0.23642645978466148	-0.09733889141933871	-0.05424641638811846	-0.16763597307889555	-0.2083267689490277	-0.16280420869009793	-0.12394156152462488	-0.18049388032743133	-0.26061101347373583	-0.17462026484574314	-0.14274959701261072	-0.16334286197719505	-0.0021992170994680495	-0.061344415162980476	0.06812476882851139	-0.02819839329587253	0.01620107256926368	-0.13861783126372046	-0.20510615240578006	-0.21357408574741787	-0.18405279145160247	-0.1813882037230837	-0.1876208229231139	-0.13352953990929906	-0.11665168064236683	-0.08054774839615615	-0.04727506650182862	0.0283543456768872	0.2059397218575565	0.3972964155200326	0.19606985956162454	0.2330229204627899	0.35287864881045955	0.5482395543163474	0.606226805056312	0.5167763813091247	0.33515730158786305	0.1547708037163577	-0.06977736189643266	-0.09012710997497748	-0.19918307107568894	-0.23929408038658992	-0.28330268779104756	-0.26941822855840375	-0.01956264315593093	0.3531463265539629	0.6460401786230751	1.0	0.7704607823011705	0.5790072912984294	0.6113931183675989	0.4263386757230108	0.3041536369661039	0.11061462352398299	-0.019286320784962212	0.12654851922889235	0.14389852893254573	0.17864119685445057	-0.055155957811281985	-0.004227602570387516	-0.11379415437166937	-0.15178333978558456	-0.1911451434250372	-0.0586022609826054	-0.09650331053155449	0.07629437592478044	0.15153380889505286	0.20096720042688204	0.11761717255839904	0.13447912098492767	0.11599220195954713	0.1748319598008599	0.08602096210792647	0.196063636431452	0.09902483033719836	0.13827679583814415	0.24726874841605748	0.17043811504613363	0.033955711867859895	-0.025598372130661236	0.05693343281221646	0.20185394357171735	0.20839617458237542	0.16201865955789577	0.08630592004942127	0.017608412677730657	0.14535315882772418	0.17414754285707373	0.0371121354687039	0.06600074724397062	0.13925419255845412	0.18289217715403816	0.047911102378027794	-0.039141811585948594	0.08268350233860612	-0.061537881825982514	-0.10293175543199928	-0.08104200535092568	-0.014543877296653459	-0.02613580077083955	0.023421091520582738	0.04951058744637507	-0.0495926529189643	-0.004793961889835457	-0.08917012044089676	-0.08496345978691382	-0.06948468196831131	-0.10248215163696811	-0.14021123405323838	-0.1619170192184694	-0.24137626127186823	-0.2772989754626095	-0.21255746955736154	-0.3292208042784606	-0.2913032496787864	-0.14637085244275777	-0.30076116872329667	-0.23740720261360534	-0.03303283134766084	-0.12297489350426438	-0.10962728304011321	-0.05726913264900557	-0.14366995496424956
ILE55	0.2897623882903171	0.23103814520362442	0.1010763599420243	-0.08894115358341155	-0.17036750743096987	-0.2008495449704455	-0.19532399465364933	-0.036547948246999355	-0.03795536063231342	-0.14757976647792703	-0.1525576992358727	-0.12533563931616085	-0.07206400218353912	-0.10514874030081917	-0.22316700113397692	-0.11439646920254817	-0.059780349011620666	-0.07944784600800492	0.07598367118605874	0.04773111853392499	0.13829633391423685	0.02743488389532742	0.08841377531829363	-0.03645927891132579	-0.11598708432742856	-0.162782451025015	-0.14225229776723794	-0.07304410865245488	-0.13509170561851574	-0.07827577537377828	-0.004343211680312163	0.032371895885589315	0.08821068029692193	0.10265361021475279	0.34731869789127245	0.5305831568729077	0.2975676965026624	0.3795947064509275	0.4554666130716049	0.5784542050877959	0.48891083757770526	0.4082420992112769	0.2851514130851528	0.12959998821186117	-0.03674913059394093	-0.0752580298720844	-0.15018197280216378	-0.19495445426532215	-0.23439391945218513	-0.2639993578469127	-0.09334313480817816	0.25254743758889264	0.5511140610623816	0.7704607823011705	1.0	0.7478526912513916	0.6280446030552421	0.35277475548531456	0.21541784261849556	0.0811931027534041	-0.0675273392293366	0.08740937027415704	0.0764434898775358	0.10655738757400467	-0.12592796769672243	-0.057177901802142696	-0.1893131923999341	-0.2195767601270536	-0.22621280922368722	-0.12161010268703785	-0.06760060448343477	0.12180075169817516	0.16169454463825872	0.15849216753883108	0.06915630559057025	0.06034630446087996	0.03954776515493105	0.08345686437284792	0.03258904886199901	0.1228113647464205	0.043680034940760525	0.05571789348184226	0.10238105755572009	0.09003168134300554	-0.029684958238375653	-0.028176883802722274	0.18023462232583903	0.28000451784076946	0.2677716730749299	0.13620378353378845	0.09979648877290247	0.06480859684260398	0.14138523634145084	0.11937959053694115	0.039100249900729536	0.1348089876553807	0.2003173984717658	0.16676683241975493	0.08141681197957135	0.024356557886885795	0.11498585918853567	-0.05445183881580616	-0.1261766219726903	-0.05359564225868804	-0.00019492008507476528	-0.033980641250856446	-0.0016979604512596621	0.05664475150193144	-0.07589248906782423	-0.018475213856467814	-0.08249394286610294	-0.10164476390703009	-0.08161400318971083	-0.12835885960464985	-0.18695782737056027	-0.1102822216034584	-0.21065823631651528	-0.2817442276337248	-0.33241357068323024	-0.40642206228437766	-0.3875055615301883	-0.24513832813225975	-0.38554783641169543	-0.35736277887867635	-0.1747660469642552	-0.1988977300982636	-0.18582054011032878	-0.10836873526695821	-0.2485839499047384
LEU56	0.15959404058691384	0.10549946905653539	0.040569469526800135	-0.010421304796926077	-0.1222825088978903	-0.20461965184620387	-0.1224938992562999	-0.06839962034405771	-0.14247635372936485	-0.1878807347657209	-0.1378742880862901	-0.13233064591252533	-0.10937121311882357	-0.1262036479367917	-0.20449525173914135	-0.07783918934847392	-0.0889862080279634	-0.13726914529093157	-0.05482825987428262	-0.046848381397078885	0.00322182152077181	-0.15617363427998365	-0.07283343770991911	-0.16843752755427113	-0.18198963866243714	-0.15090463474491395	-0.1484555833943214	-0.07640358129804815	-0.07357596838849559	-0.0433479797024631	-0.04063630533756821	0.0308709880509838	0.07359960556869152	0.0750609559303826	0.28087855374247706	0.41109620097928573	0.20546913290060168	0.26103151318547196	0.28130434361212153	0.41685829905811855	0.29775280497559076	0.2617431799369517	0.1546213285143851	0.11177599888518637	-0.0002521413661977348	0.006802389253929457	-0.06565315308811676	-0.08713125569413599	-0.14583464986943695	-0.1332480451863289	0.0302195153304104	0.31130376805264376	0.44587320730959945	0.5790072912984294	0.7478526912513916	1.0	0.7835259813389988	0.48767154440597194	0.3726249986804432	0.1409014219419924	0.04883638417178327	0.13046655324777381	0.18975708390110987	0.17030890729623588	-0.05446930737552002	-0.04452998817374352	-0.1401085920706884	-0.14297684927539558	-0.1505616917517018	-0.07296251303246058	-0.048426766633416767	0.14939459605551533	0.1643725062570003	0.208671761731478	0.17368945508679368	0.15013923083918904	0.10349743903567218	0.15657581684979954	0.06487916808298776	0.14582692894606797	0.042092912633479744	0.008951942937170216	-0.007764418505325458	-0.05043567467701882	-0.09726017709352669	-0.04907444669258646	0.12653530075336974	0.2502372959975008	0.24817868628617432	0.19723591068124455	0.15616129092697245	0.07240439749269813	0.21346784902712193	0.22911177252954654	0.06988785948525358	0.18162861892635548	0.2456714088665299	0.18976899071386216	0.08005943227217112	-0.011994277568366641	0.09472041828092738	-0.06404618105458945	-0.04705726307537059	-0.05378621391132621	-0.01955517684886866	-0.03799947517213863	-0.012909029106305862	-0.0011256204646840995	-0.09344377791089752	-0.07913707603972138	-0.10821298183079582	-0.07468520907859208	-0.06032055108255306	-0.11998942884437519	-0.12822802945798917	-0.12333635447932499	-0.28298510723660175	-0.29968885909966264	-0.31034317159488156	-0.30645165966050875	-0.30037011981199585	-0.1585325941587518	-0.30397397377485974	-0.3250365410036109	-0.1852470255468271	-0.19561481658018653	-0.17718478863208972	-0.12591891248594647	-0.235305743931902
GLN57	0.10432774935189781	0.10341928077268968	0.09358038949272268	0.056789938159335696	-0.09307717121635056	-0.1487922442133394	-0.0735505208840492	-0.05891783261883623	-0.10827531429716293	-0.08374301415667211	-0.06951539973038959	-0.05950962573249043	-0.034046586930452705	-0.03497529551993824	-0.10814369679092109	-0.07096781331447616	-0.09374272886947674	-0.14133487025705985	-0.07220589972047275	-0.0832784480441762	-0.023254957647031164	-0.19442522733847642	-0.16049951599584758	-0.2387036098079687	-0.18409805429153508	-0.14881358771481046	-0.19624591926502616	-0.17422304528917198	-0.12922990708088195	-0.12106031093053417	-0.14141888511962994	-0.06364273084999247	-0.07444755001921453	0.03054206303526766	0.26018915692394756	0.3843073349160735	0.175182498435818	0.19020333176892365	0.26330173069459906	0.38734090576439917	0.37668123541885046	0.4123578243732362	0.22496796401180627	0.16211164170390222	-0.05242955157202929	-0.017202599391340112	-0.1111359811943207	-0.1124164561989589	-0.19666025133572979	-0.12825938074321946	0.14077379562811257	0.5747526679057131	0.6051702053682227	0.6113931183675989	0.6280446030552421	0.7835259813389988	1.0	0.6500717127480631	0.5415069596315115	0.261958249819782	0.1984223584008023	0.20834716264147768	0.26078662287467186	0.23438617312531937	-0.009081849539220962	0.014948602008043878	-0.010435661183957733	-0.00671667017526139	-0.05494121665074387	0.07306196141674956	-0.010501793657166624	0.11212759340015604	0.09440521914839277	0.19795534251584232	0.17623819070275878	0.2094818167657214	0.1017194496598343	0.17508904157362107	0.08370861081543145	0.19755344950856293	0.12810426749283418	0.10455977652819494	0.07905687017821947	0.013423868300015055	0.005581758255004013	-0.04930615369113329	-0.033470151234194924	0.07438096699955356	0.07070262818554873	0.0940420375865446	0.00740759627357125	-0.09436322168879324	0.060984848454461005	0.15675292082733439	-0.08341466743409333	0.050844243286538054	0.13137495052001785	0.09592192900779054	-0.02803229490870526	-0.10444639117398882	0.04535124406083032	-0.08908545066898033	-0.10731914313534448	-0.11637580292130684	-0.17659073342619408	-0.14454299168991186	-0.09958910331142837	-0.10603052436979407	-0.16302395570927505	-0.10526263929586165	-0.1509911269407081	-0.15042469612024817	-0.08829563643906056	-0.124435002177068	-0.09990044468180123	-0.21656028699464397	-0.3970151382326796	-0.39395387330252263	-0.3162904380644446	-0.300075135522488	-0.2618032172882977	-0.09203770808188595	-0.3336777122655096	-0.22337317551055758	-0.06419500529922827	-0.17657764600434367	-0.08796786045159084	-0.050849476176838944	-0.10564112201098946
ILE58	-0.0074351102383304075	0.006641179917900235	0.026826100616545414	0.052781198995418346	-0.048596661564863274	-0.14101155814803426	-0.12994086201660388	-0.17666261934860872	-0.22180864010127033	-0.21921066889838695	-0.22652515455902106	-0.1946886098699566	-0.1900987765462318	-0.15925659590383842	-0.09039726177235007	-0.07291822183148633	-0.18791007485558642	-0.2427576583822787	-0.16042788012194556	-0.16246406554684542	-0.15677319550757474	-0.262476987939764	-0.25607657443399695	-0.2885253919725233	-0.24003104253344576	-0.18284938653418337	-0.21500716079751325	-0.24029669791766956	-0.13305800563607015	-0.09994133740906315	-0.17639269556000395	-0.14345372893443092	-0.11756579405499962	-0.11085411662430748	0.09041136891550397	0.173829662982508	0.10324959795141844	0.035218493142752064	0.07036928045731188	0.23083991913074062	0.24159021264064595	0.15892210027480524	0.16791922535120382	0.18067858815804996	0.06102844255245825	0.09302754673732	0.008455792412045781	0.02933158882148946	-0.07244170578622035	0.05903212558339947	0.2757276049933318	0.537070028180321	0.5568113982138859	0.4263386757230108	0.35277475548531456	0.48767154440597194	0.6500717127480631	1.0	0.7806659776687858	0.49113806212032635	0.3954670864369164	0.3785499578483682	0.4371354527976931	0.33233125027895544	0.11824316162434462	0.018997361472284636	0.0012119417411095624	0.04471413675525125	0.07362533236711889	0.15824093420507782	0.01070647243886708	0.0845424247921382	0.10240433648239276	0.2194728244668251	0.2696913773532214	0.3798693324691059	0.2515956813611976	0.29863894058330975	0.14867806145023238	0.23096982343790357	0.24853247951676638	0.25525293431301915	0.1825853884667248	0.13863610021351971	0.15180648594993218	0.014587665324302175	-0.023214180388841855	0.024693560187749913	0.061509712959609615	0.21850769313347557	0.10260111512256895	-0.051958528988411176	0.16286077710658825	0.3482332035184995	0.07001363950318654	-0.01142012647610445	0.012080672263928711	0.038284113277146925	-0.14377959950208624	-0.2404948857266316	-0.13811939788005367	-0.2473964528980121	-0.20459481280143293	-0.22895826187004986	-0.2603050597688159	-0.24859437659083744	-0.11945290711266071	-0.13265818105697946	-0.15266199866346344	-0.13410701383067858	-0.2018933284000498	-0.23734300835525143	-0.12094482833254329	-0.11052939823442327	-0.07146261174324073	-0.23001210727144747	-0.3147540384691868	-0.24785868079359358	-0.15446607081705735	-0.19961895472111463	-0.10710595552025054	0.019284192305220993	-0.2525158059144744	-0.23824229248073234	-0.056622935267408775	-0.10071794579344032	-0.08284796674445544	-0.12514470204289882	-0.09994710907691755
ASN59	-0.09457769084469064	-0.08124378802763305	-0.03239328957064778	0.056494582584036876	-0.004934303845127222	-0.08089933140436682	-0.05934237070155451	-0.12173011008895966	-0.17280427063094797	-0.14417610445859563	-0.12515398760462992	-0.12172421559620221	-0.08203846396165243	-0.02297881904877483	0.05193086839407302	-0.0007036301281791057	-0.144216134790654	-0.1852178310269449	-0.11834518386428138	-0.0955132291883232	-0.10708849691874553	-0.2115822577919955	-0.23904191145519044	-0.25165811029591534	-0.21645207949498863	-0.20641329800751415	-0.25320893645168285	-0.30755820448095467	-0.1551316983631422	-0.09779472458107663	-0.21496000233274265	-0.18300013606357804	-0.14146070811082873	-0.16176583867480743	0.0076533464223089145	0.06186973148036051	0.05435639913872484	-0.06858271857961847	-0.02656692361610255	0.1313026846720131	0.1398342437260478	0.12621067476500014	0.15674545257313446	0.2443598027521278	0.11627037328525765	0.15726277267897346	0.07361173368012579	0.12512428044586665	0.023610421405503727	0.16296776878218192	0.38773694998078323	0.6304169075218626	0.530676346814711	0.3041536369661039	0.21541784261849556	0.3726249986804432	0.5415069596315115	0.7806659776687858	1.0	0.5400081629984708	0.44677802787410376	0.37604102809396606	0.40317979382488245	0.3088772574258399	0.15907392310302237	0.09340259891661853	0.09443303459625729	0.09521625105737816	0.04267528903784366	0.14627004170750582	0.015124571922026998	0.09930220716630114	0.06561109190619364	0.1783983726396058	0.2556550072004065	0.2967255560748032	0.18216951686240626	0.2218017095368052	0.1069948242435059	0.2145785821643537	0.2635391486519404	0.19014419277549163	0.14253034511747084	0.12775808582866635	0.12201423338472528	-0.017986482141806245	-0.11335704623325779	-0.0985685547498438	-0.03293042103349603	0.1258031100089772	-0.0015545296022234814	-0.1433239596488533	0.06425582458661039	0.22262379550241745	0.0018329098425368723	-0.055823958842534493	-0.05784245588139249	-0.046428753294153295	-0.18729466827778526	-0.2316458761755579	-0.15996185796459617	-0.2296565656509058	-0.17496303291406717	-0.2074887906337931	-0.2590801736560111	-0.26324229673363186	-0.18001761607487818	-0.20415678509274515	-0.1875630279279591	-0.13324884975192094	-0.1610879780845029	-0.22247719881024663	-0.13185399194436173	-0.08183730670833336	-0.048766568555732304	-0.24027908149713473	-0.35572439386056065	-0.29757062231921644	-0.15472413276101366	-0.18195469718648052	-0.10110381548887108	0.039718860104058874	-0.24426054944525377	-0.2032789565057906	0.007545961641520688	-0.012494799024282922	-0.008402459103819145	-0.07718831986975962	-0.0987283178474077
SER60	-0.1305434149826412	-0.018910503954031863	-0.036835078677905614	0.11164911360578991	0.07926863373218314	0.0071795684232299276	-0.06298441821768744	-0.10179205443363457	-0.10962435154620837	-0.16622424583456633	-0.11095635419588144	-0.10408814902184613	-0.11112328854068254	-0.10716751619751794	-0.17649199082449837	-0.1468834793674068	-0.14048342032213837	-0.17012742771309836	-0.11784057855162465	-0.12862031782883435	-0.14260389578951443	-0.1690607114801572	-0.22673412840095433	-0.184112657852591	-0.18915655937403938	-0.18177088556881538	-0.24193304767188276	-0.20631993141841015	-0.12791437821487947	-0.1053187696205148	-0.15882177853964569	-0.14866851707177797	-0.09540833849637706	-0.016087369301651076	0.008975956800641269	0.07445258037634096	0.042327773817619464	-0.045803451718179615	-0.08227988473522249	-0.011661453319773325	-0.029258736973645342	0.008364181529705242	-0.08265647654425973	-0.046225985140724915	-0.07717268289687405	-0.05348094826126906	-0.07002613165536563	0.06708248239241188	0.09175868347456508	0.13706077713239526	0.2493950156344901	0.31701747253673906	0.2527724685422516	0.11061462352398299	0.0811931027534041	0.1409014219419924	0.261958249819782	0.49113806212032635	0.5400081629984708	1.0	0.6845926802230836	0.5339881549877796	0.4379048898887422	0.4038921937454666	0.3627072369909113	0.310779309696988	0.2796232226681497	0.3068700091038234	0.4218977505652906	0.32709183299028044	0.16332647778494588	0.17955138919016686	0.12020716044101999	0.23141819846752543	0.280026446149178	0.30925614991615774	0.23684334809973426	0.24310840533078992	0.21045745722261883	0.3386492315298658	0.3003163573635681	0.13179414939884834	0.030058302709712596	-0.025686203887631237	-0.0740854142666173	-0.03982845101061915	-0.1012535047673952	-0.09216966160909429	-0.01937326309254527	0.11101933306774861	0.006150831831540828	-0.054625848963934055	0.14011278684503564	0.19737867485498187	-0.01680886647626841	0.028544325845953747	-0.022603474390004475	-0.2186719082897798	-0.3113827883062699	-0.3474085313036133	-0.2235858909958734	-0.3036649601472157	-0.24895818655548713	-0.30099423525948565	-0.3941842543448104	-0.3539766668994707	-0.21552447536339103	-0.2705647986511635	-0.23048238978280833	-0.2067433883509714	-0.31594566844707117	-0.3308918549500075	-0.17042286981215468	-0.17264238064626825	-0.19761665564492095	-0.28526905963828314	-0.19679307110230798	-0.18617765267277084	-0.1685498032917488	-0.09485506987110674	-0.00851240194265087	0.16340462071203235	-0.11707527082218494	-0.09280422339505186	0.04315642182290712	0.07051792019243139	0.1456799884374964	0.13375529107169995	0.13252941392755788
ARG61	-0.2563729060950858	-0.14541750415001972	-0.06297884349879547	0.20242361900350161	0.24513758607268435	0.18332946594246877	0.13654945231151247	0.01872781628484465	0.005398772149795369	0.05385752210137525	0.10047055465446815	0.07242011114560272	0.04256698434228726	0.09338591586049574	0.07232108112308899	-0.001114250332066635	-0.05602166401929541	-0.07920660239470292	-0.20938383738621888	-0.20135919439128225	-0.3106636767092479	-0.325093841032384	-0.29997936185160146	-0.16855220515488162	-0.11310233991154817	-0.1188957120727884	-0.15354489779041294	-0.14153081350742433	-0.11920506109902504	-0.08773728865640221	-0.1636050864636013	-0.17721498346038303	-0.0806575232560418	-0.013882265668308245	-0.066461125699833	-0.08445901610617716	-0.059792179573163774	-0.1634401747333526	-0.20687624527351214	-0.16254568525165322	-0.12090768572978308	-0.07633358719487118	-0.258320921862167	-0.16849951556903103	-0.22098576034941228	-0.17597291492263598	-0.1355549946387794	0.03172610406334404	-0.025886477054893154	0.03724816805152866	0.1589057756436195	0.2580584044316459	0.1696546005228258	-0.019286320784962212	-0.0675273392293366	0.04883638417178327	0.1984223584008023	0.3954670864369164	0.44677802787410376	0.6845926802230836	1.0	0.6765836048070575	0.536959583877676	0.37478834578403913	0.36579252155743514	0.22361489444793145	0.33780727160815094	0.3843197494039105	0.41558364953931776	0.4038337495643885	0.3238460168420856	0.3157447764669418	0.277124679926884	0.3198654236772455	0.3537292592609443	0.3127687930274261	0.20984431783591748	0.19422085673241152	0.13153491275589396	0.1969007638427023	0.2636011124018609	0.07592161808828399	-0.05354511644302781	-0.1378458167732196	-0.051509460648825466	-0.046691657600096366	-0.13024861760188752	-0.1792856495791989	-0.15384669004138743	0.025524699124187665	-0.06292401001273687	-0.20218499794120778	0.00749128822470087	0.13297810148786413	-0.0664333163645722	-0.08193828188203812	-0.14344122059509462	-0.26344021097307707	-0.360101514631135	-0.39341135932880267	-0.2468137342613026	-0.25600569590210503	-0.18659718056895194	-0.24087398118869055	-0.32839415238743175	-0.30675602234070376	-0.2008439814508868	-0.2810332238429297	-0.2591915656426875	-0.1774073480708573	-0.23222656773963934	-0.24211562689604899	-0.08629502132955122	-0.052190173525354884	-0.014011334952049054	-0.3276613481288288	-0.32405729626216573	-0.23227657571495508	-0.12089358184972478	-0.0347125083040006	0.03135230068177056	0.19844064125946792	-0.13901429865900589	0.013492916469171567	0.1585913708605526	0.16879880047160017	0.25057867588423494	0.21419164304272845	0.1440352877602612
TRP62	-0.14363789396623136	-0.08498447684894535	-0.12806435910801903	0.15226704274379455	0.16982012374727629	0.13503387151688692	-0.004432914309952805	-0.07311144196896935	-0.08464955038088784	-0.11566788138508005	-0.11115879858728585	-0.14001978479901714	-0.10032859927126948	-0.04945854301517056	-0.07536643348360778	-0.027971368337249045	-0.05914874005078624	-0.12309903525663675	-0.2112448017819362	-0.14633220982808973	-0.3016306174817877	-0.33068638146757184	-0.20108636252134138	-0.10068863898320532	-0.15057785386741854	-0.15475844677594763	-0.22305025955951432	-0.17630599591281984	-0.15646036478808853	-0.10610625908982635	-0.1685267368171009	-0.20050449387625238	-0.03868408424722219	0.04048330692495118	0.009525634158624712	-0.028455912258106765	-0.034279095462521454	-0.19348375189463832	-0.21396578590206813	-0.05644309185009651	-0.08130835832562067	-0.10974457520587892	-0.2598498067360593	-0.19414345727608912	-0.1845118509923695	-0.15594143086742634	-0.1766402932151986	-0.044255060223645386	-0.03615738751142515	0.006852617455348725	0.08598731202242695	0.15242239011915	0.20580167542216457	0.12654851922889235	0.08740937027415704	0.13046655324777381	0.20834716264147768	0.3785499578483682	0.37604102809396606	0.5339881549877796	0.6765836048070575	1.0	0.7535065207956436	0.5705023564525011	0.3875071603985116	0.08999497212023863	0.12250564529458127	0.05893470420493695	0.16967509433435404	0.16459435116255952	0.17929886122763503	0.3013640148262454	0.5673548574325848	0.5924947478599789	0.6261293533488274	0.5064581825860223	0.4123846081431906	0.3263920884602521	0.22976885128119	0.2378352688986512	0.18647191235339858	0.1121701417981336	-0.05794196877147494	-0.20020873133230993	-0.11082368534703885	-0.056066008138385956	-0.017967883728850532	0.016444809238244918	0.11094395800292182	0.19949902211495538	-0.005234389590256451	-0.03482058999204724	0.21144897821801756	0.24731472797198287	-0.0009041377798309595	-0.08302692476363137	-0.09368041686684009	-0.1056072773872528	-0.2777402707102724	-0.3777415949107048	-0.24072728885355762	-0.351073809084741	-0.24276786412090018	-0.26604891319594665	-0.27545237179191356	-0.2637162300562765	-0.08719979394332482	-0.1490588949760635	-0.09888023265473754	-0.03173970025373614	-0.1766321787475156	-0.19020372507545885	0.0036993331350945735	-0.015924960881622114	-0.07016388964610376	-0.20063911977341967	-0.15577452422747454	-0.13480030206431612	-0.10315394121009024	-0.1198504542314424	-0.07859840436824032	0.12027792579067166	-0.14263453991151662	-0.10119898710500776	0.04548167748124848	0.12881400401316526	0.17268484705995232	0.13515533446425057	0.03448479452226297
TRP63	-0.15452114250334986	-0.12676877781862828	-0.09050852407426851	0.18463778874790476	0.1802497058467381	0.15317302385539946	0.058537282828672134	-0.0484944860216648	-0.06276355258157593	-0.09905475111821119	-0.12500877183498887	-0.1320342006982802	-0.10903634572540898	-0.09847183289840165	-0.12711334181413378	-0.13293726939424874	-0.2140895196632749	-0.2705074371689936	-0.2953472301431246	-0.28378834293813937	-0.3977650945692878	-0.4080535041696442	-0.30281537844261047	-0.22371591592901707	-0.19719811922421487	-0.1348250839800442	-0.1878476545882745	-0.18739160957257386	-0.162492996127968	-0.1261302081753591	-0.19967697513094546	-0.22090307808677023	-0.08675174123970224	-0.03259012193953326	-0.04428669993210946	-0.04612079818150408	-0.05022611569859477	-0.14581996311544224	-0.16759484497645244	-0.01697619179659245	-0.03601345039938017	-0.09715831635353109	-0.14861515969885747	-0.07395490715954639	-0.08321810390545455	-0.07478226081302751	-0.09210550470702135	0.0049901280137144635	-0.034022319139343074	0.012803139416776278	0.10892864758537507	0.2200828671389006	0.2613191823053822	0.14389852893254573	0.0764434898775358	0.18975708390110987	0.26078662287467186	0.4371354527976931	0.40317979382488245	0.4379048898887422	0.536959583877676	0.7535065207956436	1.0	0.7882318062373708	0.5540942048727552	0.1753929793203826	0.13412967006799936	0.014795795407588892	0.05982731965055325	0.09611787766060427	0.010782156250938679	0.20758378506618702	0.4678360343544309	0.6123962815690948	0.672685634527285	0.6370756182101117	0.5097827134232371	0.507372750207909	0.3865772989306915	0.4300378040935055	0.28425621440013205	0.18760552745158876	0.022129474611505	-0.1204441876527936	-0.1127036027211321	-0.09546338253885389	-0.08648818935911644	-0.05902621312944963	0.053200538888595536	0.18154216425383185	0.004196773728877142	-0.056213226127224604	0.24374474720014966	0.2997236193927176	0.01684242390368059	-0.08975475642573016	-0.11914107797691793	-0.0941054313528566	-0.2543313963167156	-0.37199667810752135	-0.18228190015368426	-0.27608858264609265	-0.1763264377251519	-0.1915157599094019	-0.21852003058359593	-0.21277777319554372	-0.036224711302520335	-0.15380260368067247	-0.14554524046423303	-0.1115902205961187	-0.22267569709411195	-0.21382950616822521	-0.06193257420461356	-0.06952450077382132	-0.04315685763218765	-0.25232922592921364	-0.2323225837699261	-0.19065745546105664	-0.12406504296544973	-0.09525171940106919	-0.024884795429299878	0.11693368326588086	-0.12561152989255395	-0.08940387260930181	0.10732959636516308	0.10029052662090754	0.11453879210243566	0.053983344149750145	-0.013306488310102855
CYS64	-0.07872811487324219	-0.057041741082485053	-0.05481670981482842	0.11850749647506253	0.0861808397231921	0.09735264546189758	-0.019231111882528754	-0.10703779785076771	-0.02173375928808856	-0.09734847991517925	-0.15944349825163126	-0.14090004693566674	-0.0727404626085738	-0.12877134365164228	-0.18223350757021584	-0.12758783656758432	-0.18999296058393175	-0.24641631906185896	-0.2119160746769916	-0.22325318788277365	-0.27603020410487084	-0.2818382359255477	-0.20532818353203425	-0.21049343248258362	-0.16131675416178223	-0.11503008239195665	-0.17475569658795717	-0.2051738085638682	-0.18756890127481357	-0.16143095716599587	-0.19779761168266588	-0.18200990059479946	-0.08572580925324715	-0.01114367506924976	-0.03685144608203682	-0.025231571862380658	-0.03631237909825218	-0.057764218900438896	-0.08192291621292086	0.04310333148563507	0.016384706824632393	-0.05367607733575003	-0.07579456470229808	-0.0778055644109073	-0.12335266517976246	-0.11472931546669907	-0.13111697697299962	-0.05789952419152473	-0.09151717404369093	-0.059970059990757246	0.06432027986163988	0.19025122528702842	0.25231541165826066	0.17864119685445057	0.10655738757400467	0.17030890729623588	0.23438617312531937	0.33233125027895544	0.3088772574258399	0.4038921937454666	0.37478834578403913	0.5705023564525011	0.7882318062373708	1.0	0.6950005980319968	0.3097785974870715	0.18244706923863066	0.06362040805596993	0.09124408975798726	0.11253600491161991	-0.05765655334573319	0.14048466471423426	0.3828147030747103	0.5492593874892968	0.5144589525122364	0.5253825188358122	0.4794971434069292	0.6015976096736234	0.5715759339808465	0.5666874899629032	0.3500181605369696	0.2751387271488956	0.15460592096872733	-0.02634249571374062	-0.06821431227585345	-0.06329082884167699	-0.09216963041529376	-0.012532704891075818	0.08946456360716791	0.1826449974308473	0.004345204387433519	-0.02176124696000058	0.24078874924334806	0.26348645541047894	0.03163545043890826	-0.026254624258590546	-0.09451963580700919	-0.11500832483568077	-0.2186728029623402	-0.31779328524579636	-0.14536878468735717	-0.2523058324812059	-0.17773083808136036	-0.19717128279620746	-0.23350154728711053	-0.23492753044550072	-0.05612810875902885	-0.15788927469775518	-0.1629005634213792	-0.14496577856336884	-0.23388932368074689	-0.258212558897477	-0.0943124834056601	-0.10382208149167867	-0.06986039680859993	-0.26389964739725774	-0.20252970370665738	-0.2035509529579448	-0.16367019063681895	-0.15800449573069617	-0.0933442516085489	0.06698441994093429	-0.13923045082110824	-0.12045017038939858	0.0899365994369639	0.044958469900865244	0.07039078617891932	0.021983178176166643	0.007389657769512954
ASN65	-0.21073641453558198	-0.17955328132700873	-0.09240005753075667	0.10028823281143993	0.11364523639233089	0.13967363063698884	0.02920844026581664	-0.08501617957112176	0.02730919985260948	-0.034984572568230204	-0.0511057783069454	-0.07872233831754867	-0.0032236031258828586	-0.013810845720811078	0.009747182163907924	-0.010598473462918824	-0.09190768996992305	-0.14422967438828696	-0.15595935350667028	-0.19287038080871122	-0.29162554744092173	-0.2375573505751421	-0.258332838253468	-0.23907585819283966	-0.22389298577023398	-0.13919062209235053	-0.19318343273532132	-0.2595909933471448	-0.24003732210933393	-0.17538093064380295	-0.17613114324302223	-0.16997054516345741	-0.18163692183758245	-0.1058708454643381	-0.1378740819104936	-0.1562500808283642	-0.13095541213379194	-0.13788899410403813	-0.17639335651481713	-0.10974831456740045	-0.05794955810011156	-0.07883201962325037	-0.09433126312522919	-0.03856890681725209	-0.10053592542242885	-0.11382323533715787	-0.1041765603364954	-0.010520821553050567	-0.020321748583999964	0.004802961288834194	0.11353858696297606	0.10040623876969049	0.09925024376096706	-0.055155957811281985	-0.12592796769672243	-0.05446930737552002	-0.009081849539220962	0.11824316162434462	0.15907392310302237	0.3627072369909113	0.36579252155743514	0.3875071603985116	0.5540942048727552	0.6950005980319968	1.0	0.61838561632559	0.44397390244551593	0.28245025106553234	0.19666851760552276	0.12541827332878083	-0.06788811702850434	0.08186675662494003	0.25758379008836374	0.4446990635611206	0.38607131555061225	0.3632994333719509	0.37277151823012217	0.4666483267631503	0.5498279174638143	0.5123031416870819	0.35021637900741387	0.21624163290693568	0.06105248288672915	-0.0254295566844125	-0.09523348230525536	-0.14199894482187356	-0.14136763961659707	-0.1431448305543961	-0.08486416933232203	0.03261403996925442	-0.08519800422233953	-0.11824255609978715	0.05629685359007783	0.08723252188175212	-0.051394473207450796	-0.06951882611612316	-0.12613879338898415	-0.18442988121228723	-0.25254170993861946	-0.28039181890889564	-0.17906364539410458	-0.23264137585340372	-0.13582703801810445	-0.17004986301725178	-0.1806608891473028	-0.17524612437053344	-0.05065728915075771	-0.1748134148417153	-0.08777319798493283	-0.04719918306984624	-0.13030629565876245	-0.15542043320697618	-0.038460345420268	-0.03160008651640027	-0.007636083939527347	-0.22617932498176105	-0.16025578065878093	-0.11818264107843053	-0.05102044578304091	-0.03332809065730597	0.09134783279969592	0.17058403225487123	-0.05494277874739053	-0.009805354281587108	0.17030965249616228	0.1092712940653531	0.1203379427351316	0.08427433820341955	0.0356168867613499
ASP66	-0.21692403693468199	-0.16122065431299792	-0.11609054299953317	-0.05634160992538016	-0.07192535026400335	0.011392453989608156	-0.021834524955310915	-0.07973692042969587	0.09328325286499077	0.04387100612427746	0.051178818541079946	-0.023957868960836667	0.08358291859693416	0.07327998348886261	0.06263795802518016	0.008390708782547288	-0.011190705284839682	-0.028365850134584678	-0.019971624808484842	-0.06526761318360788	-0.1518149877590805	-0.09265339763308575	-0.14794751336368	-0.1356003273074496	-0.15343780586493067	-0.1302808270783646	-0.18740818420569078	-0.261513799443895	-0.22590112285706906	-0.20110235857317407	-0.21947947356170047	-0.1528237960670704	-0.1655410268146025	-0.1304479845571939	-0.14348230084536429	-0.04720893749886078	-0.06532818833572622	-0.06624223217603536	-0.081572204775562	-0.04527423862452657	0.002587705111321881	0.04679364997449699	0.08329950072769099	0.12186994285486227	0.06529153940090897	0.017103708814774306	0.034223345108840314	0.08810481717742186	0.06676818845992563	0.09305398427275857	0.2902292175088508	0.2401557488134743	0.18793879810848735	-0.004227602570387516	-0.057177901802142696	-0.04452998817374352	0.014948602008043878	0.018997361472284636	0.09340259891661853	0.310779309696988	0.22361489444793145	0.08999497212023863	0.1753929793203826	0.3097785974870715	0.61838561632559	1.0	0.7047190932299113	0.5419197685469046	0.2962970662354369	0.09409014564020916	-0.043816853256869966	0.07023246362428032	0.06856250810771271	0.15204446931566332	0.10773270958527405	0.07822338312521183	0.07902046707389117	0.12738728697042026	0.3477257271137769	0.39237442800549927	0.29458257264715937	0.1104439804102662	0.05433756156346065	0.06565490815136038	-0.058361964691446	-0.17955356448767285	-0.18931509917058365	-0.2403473986374066	-0.16553107141249382	-0.10386826905723871	-0.15660342359915363	-0.1465871455787754	-0.0372969332270144	-0.006654627238316471	-0.11814608308374201	-0.0056124445507547485	-0.031444237596627005	-0.15921360926143435	-0.19263114857050193	-0.19121999119887986	-0.14974289241308258	-0.1431754559145867	-0.160423670718464	-0.12655466399359114	-0.1882875847719353	-0.21469620223666472	-0.12401384163666844	-0.18878227923631777	-0.17282914045875059	-0.08264589748471934	-0.1432879013631978	-0.1675005406840156	-0.1106722988118671	-0.037833433899080976	-0.08828812000859404	-0.1864802388827118	-0.14986309453149424	-0.1630004831039649	-0.13343505428511687	-0.0680308690926498	0.016551501427995722	0.05592547949560855	-0.15967707820719582	-0.06234268778466606	0.07840232208329473	0.009275790578101614	0.09132385488321437	0.125372263801407	0.05982411557006798
GLY67	-0.26290515549744187	-0.13565954207621841	-0.06109072656824697	0.01712126864446884	0.03091725703432575	0.06973195540442433	0.010416575038726575	-0.04598877395826476	0.07051687902032759	0.028628293907001712	0.052255142399386764	0.022161027072229143	0.04510066982536212	0.0731802018919719	0.14717283773219103	0.08046498842162675	0.06812498185237567	0.01988138489317181	-0.035141944855159785	-0.014945345935916097	-0.14188247778628274	-0.10109350392108095	-0.15717473870788945	-0.07507381478103094	-0.09345380423154676	-0.10486448743498561	-0.18634628026552255	-0.2594418544978297	-0.2229013206458152	-0.2063773096625866	-0.25280111726008586	-0.1610288238970346	-0.18483068189165722	-0.19000587341851674	-0.2549114896714634	-0.18130935925772337	-0.14140815280633043	-0.13354638456294268	-0.16249799070746698	-0.1756225495388889	-0.09930425677077905	-0.06382483448003415	-0.046184688434014465	0.0293241016187667	-0.05962773723800813	-0.06751148043412018	-0.024868812238779	0.09058870415793037	0.07394295199470682	0.08172247995704916	0.2349625367528726	0.17491022152645044	0.07741012741987877	-0.11379415437166937	-0.1893131923999341	-0.1401085920706884	-0.010435661183957733	0.0012119417411095624	0.09443303459625729	0.2796232226681497	0.33780727160815094	0.12250564529458127	0.13412967006799936	0.18244706923863066	0.44397390244551593	0.7047190932299113	1.0	0.7473561704254904	0.41107519668654474	0.32502033545090425	0.10936144102849595	0.08151438175997486	0.027814335840810847	0.10154131350163609	0.11357471589227859	0.10922817511002603	0.06657002487838477	0.0624938326340351	0.20421600787588393	0.19523636150275683	0.18887671964462363	0.0824815659859537	-0.01800224843664012	-0.04256715274738055	-0.04904083632868532	-0.13002798722615444	-0.20338064506394693	-0.26862415893153296	-0.21624659424420314	-0.13621883298357407	-0.1901208297130128	-0.19000202304574376	-0.08887764985151704	-0.016093701262800356	-0.13461307616300655	-0.027123390592541523	-0.09475149470237053	-0.22271999809967533	-0.24217548344368237	-0.25853275916102814	-0.24134093519707375	-0.1740175058916779	-0.14483054405166462	-0.1690067490895353	-0.2510757611232047	-0.2515683031485903	-0.18682492965533992	-0.24340433623704436	-0.15767602315618978	-0.08256677970534913	-0.15424557340079179	-0.18336473476802947	-0.0439855988549258	-0.01676703680993265	-0.024161361600166287	-0.19528010712308458	-0.12951108675890857	-0.10471506288981983	-0.033103453992148646	0.0361060482957163	0.07766543008060199	0.1479272704236203	-0.07699259903815865	0.0469612147840985	0.16262686384712302	0.12683281262313134	0.18395312023007365	0.2168212074818149	0.1519484914017513
ARG68	-0.20792302149262645	-0.09519497751342773	-0.010735014689674175	0.06397703977342313	0.10590618624038067	0.12614253914653786	0.07562539080748139	-0.03748014310648422	0.09340629279965973	0.12331887473916364	0.14645214319912805	0.13366180421536522	0.13982025372436463	0.1687083535552667	0.1694049681269251	0.08445041522285109	0.09625528793416822	0.04336120237906043	-0.017912767138639634	-0.014138332544045862	-0.08402075150526489	-0.06270060193498991	-0.14127150815008446	-0.01690923545227052	-0.03492991244778122	-0.009224310917834634	-0.066416836524764	-0.18038534558097827	-0.1345870205748237	-0.14877518408360582	-0.19950160368166858	-0.11267640904896291	-0.16966597684055332	-0.18620631946108662	-0.23449519728253693	-0.17363884419305417	-0.12821025976348438	-0.0898715094238907	-0.10629604298521994	-0.13975614723200078	-0.06819038478253155	-0.006217714323948777	-0.034721338373422485	0.03945638802253688	-0.04454764881756916	-0.04135696673007352	0.01967264003693688	0.10177804386825029	0.02727630586269566	0.08248815113124913	0.24945387450495823	0.21921977316633684	0.06788956921456109	-0.15178333978558456	-0.2195767601270536	-0.14297684927539558	-0.00671667017526139	0.04471413675525125	0.09521625105737816	0.3068700091038234	0.3843197494039105	0.05893470420493695	0.014795795407588892	0.06362040805596993	0.28245025106553234	0.5419197685469046	0.7473561704254904	1.0	0.676680383751468	0.45425524066828094	0.18183140236111117	0.04513254638462715	-0.05215876197900725	0.007610921971332592	-0.025994732844721237	-0.03368348313547179	-0.04770267308030135	-0.03261925602905081	0.08218453458898745	0.06929997530960397	0.1321434889299073	-0.012048911165276427	-0.03277917908220404	-0.031427258038417276	-0.05339606904088355	-0.1092533434532559	-0.18865296044184246	-0.32443465680063976	-0.33847219330691664	-0.21136527213535586	-0.18399898928855984	-0.26849937871970525	-0.16634759729633505	-0.07416056558474106	-0.14088241111352512	-0.0003552494023804471	-0.06984156096125081	-0.25311641729589235	-0.2590525558673151	-0.22176264299435763	-0.2055614310695028	-0.13354856791983652	-0.16119582206034774	-0.2244174001317611	-0.292668821245912	-0.25285245593117334	-0.1747810550809316	-0.26100188369081345	-0.18350273025379824	-0.09701455231795908	-0.17872126828118912	-0.21974048452036712	-0.13107703836980525	-0.03018233967503685	0.027698237067647083	-0.2772413964191036	-0.2218677020236738	-0.20394593923840007	-0.12112399978691979	-0.016599362632441175	0.03722450399274459	0.13571984006209153	-0.09782635340864029	0.06094159924887392	0.155004847987704	0.10960674448514188	0.20813022545548138	0.22076962384189147	0.18233798402424253
THR69	-0.13672125828883813	-0.04618738340026434	-0.038724284585879995	0.04133748453493924	0.07488803373177236	0.019634204067535903	-0.06846955431235667	-0.15507621988926334	-0.09758741345570282	-0.03428389383585117	0.004393152166539048	0.04396712472804008	0.04977504196253505	0.00813899162412497	-0.015081628414589484	-0.001514658780875876	0.006720429711215944	0.017826986935888325	-0.014679077340237203	-0.07804858034251252	-0.0973961779930223	-0.02335181211997897	-0.13958118391094665	-0.0016675296363960204	-0.006533629479804923	0.02340782131750492	-0.027374470989070514	-0.012800412929653445	0.03826196408693519	0.037022042863916575	-0.02053251413242165	-0.025248579386752103	-0.044426257999232714	-0.01722500497196253	-0.1391392225913244	-0.0910769985263465	-0.04442537311974476	-0.03375990260285297	-0.0678081238636938	-0.17611659760322879	-0.19356622848832203	-0.10439556037190481	-0.11497219820340523	-0.07325817634651101	-0.030690184347095948	0.03544166489837407	0.07694860318644835	0.18587412350206217	0.16666131631178738	0.23780703796976865	0.22612624943114165	0.08220541940290933	-0.04984713957176351	-0.1911451434250372	-0.22621280922368722	-0.1505616917517018	-0.05494121665074387	0.07362533236711889	0.04267528903784366	0.4218977505652906	0.41558364953931776	0.16967509433435404	0.05982731965055325	0.09124408975798726	0.19666851760552276	0.2962970662354369	0.41107519668654474	0.676680383751468	1.0	0.6862557923980713	0.335541427499776	0.18801882108453735	0.041484288366607676	0.03459991636155977	0.032987244428544164	0.025760913541680867	0.011807305565479598	-0.015478188483794264	0.0410740002855663	0.04231264933150397	0.05796527679702504	-0.017171526027833152	-0.05707275052824303	-0.07551814514706064	-0.13754123596230816	-0.07982799009321026	-0.09153028126182544	-0.16528825526924587	-0.15362721730067438	-0.025373829561570218	0.02992342754991291	0.03981437121563686	0.0542058598036284	0.042360157336447185	-0.03804721162680056	0.08167988913436501	-0.05972022555192295	-0.301196282538968	-0.296809509924461	-0.2751849785709768	-0.2273602958290936	-0.22744229493601137	-0.2560705259384682	-0.3166340924778027	-0.40062813556948645	-0.34741897379478553	-0.2444357940932725	-0.2829484530332333	-0.24382994809820732	-0.2627421021857756	-0.28274404662205616	-0.258881893124147	-0.15663024899858172	-0.13782967892032666	-0.11078669161046609	-0.26862158719932744	-0.08123546230670041	-0.060123155311915186	-0.12028911737809915	0.05666299461764466	0.08609594843725986	0.20102004121523384	0.016033593391484413	-0.033407568921149614	-0.0708324584432169	-0.003922050667389132	0.09146368878191725	0.11911388290254832	0.18222969323393434
PRO70	-0.12570468457052994	-0.018529727358696582	-0.010287834492499176	0.06585098238498913	0.12397963842368188	0.03926125370537511	-0.004488462350975945	-0.0663305676388659	-0.06257942172990097	-0.02137813815029248	-0.0440838195904639	0.03535572732589996	0.024398823274817	-0.004829501681406483	0.011789225960865382	0.007123273342775027	0.009305834841246214	0.07711799068981703	0.06404751205696955	-0.041624051263037164	-0.032458854904555565	0.016642397538214854	-0.07715993338401533	0.023869254098183246	0.11689580461457809	0.16971339000825844	0.0769752334238126	0.049471240819086125	0.10776077826506775	0.12901307464942616	0.03172034940324614	0.03323318883071238	0.057697340791925796	0.04958969071034231	-0.09658029794511645	-0.07323659668149056	0.0250060073333456	-0.006533894687115839	-0.01117003272329522	-0.1361438934637697	-0.0917737677775281	-0.06456664874637741	-0.1405921463876906	-0.08765488074312426	-0.11686976055773629	-0.024207547351210435	0.019062268914634608	0.10964947199157504	0.052202822319933874	0.09804610480680691	0.09218586964631931	0.10387594630115232	0.05576594513833046	-0.0586022609826054	-0.12161010268703785	-0.07296251303246058	0.07306196141674956	0.15824093420507782	0.14627004170750582	0.32709183299028044	0.4038337495643885	0.16459435116255952	0.09611787766060427	0.11253600491161991	0.12541827332878083	0.09409014564020916	0.32502033545090425	0.45425524066828094	0.6862557923980713	1.0	0.537780260320237	0.298073217855435	0.06736393834339943	0.04198482369405611	0.06308584629691695	0.10574967967461832	0.046992469697640385	0.02735291784199949	0.010307533433882143	0.008157699860626996	0.020484092617204644	-0.012618322370393353	-0.012008040742395936	-0.08211427753444227	-0.03732232515864279	-0.002315995978840729	-0.11121441850493609	-0.19279030186936413	-0.17968840397420555	-0.022327823529338202	-0.04117982432027281	-0.02181467948500127	0.006056613384359885	-0.007966885092245992	-0.12326480834040988	-0.031316546398134686	-0.18942478029701632	-0.3434006957335352	-0.34522279286275503	-0.3463681414003894	-0.27741628509543503	-0.26599921941163346	-0.2833782635247866	-0.3425223962903088	-0.38066344797587776	-0.3611466327039903	-0.3019409398309131	-0.2858412904528623	-0.25450183101589335	-0.19462127581169997	-0.18699462327254696	-0.2469633001184221	-0.11868885403076818	-0.02234824231344864	0.05876637872430487	-0.21894308906790533	-0.1846082054815132	-0.0896933937831566	-0.11653875411664363	-0.023510078587865402	-0.0024345237907197922	0.10889656191347358	-0.06383723100859147	-0.09476398607343126	-0.08541612174328847	0.017372096970061673	0.06522596926963792	0.05863319699597023	0.0823105252495166
GLY71	0.02623022834433398	0.11866463315993407	-0.01706636649878554	-0.023075997977191485	0.029495405599083476	-0.025297863627315224	-0.085543449687177	-0.017205499155104536	-0.08094670888966235	-0.13093840831546058	-0.05504915762595379	0.02025783445917498	-0.014080019248886074	0.0007720512346484524	0.052297530509549175	0.0872151826198157	0.1340183838872659	0.10471296990432145	-0.07382039519032649	-0.02313897577557667	-0.0017142361829200876	-0.06716505167561228	0.012233653050197465	0.12413673391152512	0.038137332157383234	0.04061226016711061	-0.02757188294780817	-0.031257493274412365	-0.016366700501142636	0.022815894006532545	0.016379195632344492	0.05507760289829367	0.10484257417698724	0.001639439315548143	-0.0915448268541674	-0.015585008548544981	0.12040309612414088	0.00856666687281384	0.02969680959425246	-0.07247330244265995	-0.14156734697513806	-0.13589713737566955	-0.2676954571521532	-0.1693340482707112	-0.08946748094479309	-0.08263816281652975	-0.06248964338577606	-0.0058807624590763155	0.02267976652390907	0.048922756913162356	-0.05693720404537043	-0.06832804194251514	-0.06779928971439199	-0.09650331053155449	-0.06760060448343477	-0.048426766633416767	-0.010501793657166624	0.01070647243886708	0.015124571922026998	0.16332647778494588	0.3238460168420856	0.17929886122763503	0.010782156250938679	-0.05765655334573319	-0.06788811702850434	-0.043816853256869966	0.10936144102849595	0.18183140236111117	0.335541427499776	0.537780260320237	1.0	0.6332094769291697	0.19370795565135268	0.008634681039648517	0.025737951572264106	-0.025636867631650313	-0.008211403722409206	-0.0949120411209807	-0.10687627741717022	-0.15196975683210237	-0.10658301308516838	-0.12679507525574762	-0.19389693074200925	-0.21757242323243994	-0.07270266305881987	-0.0007930502232268211	0.03685468432596166	-0.00599954566830394	0.02362968154979873	-0.024815545273185458	-0.043343441527522016	0.044874470190381016	0.0080408841488826	-0.07382428208517486	-0.06377203936820032	-0.09126858779094726	-0.12235584681769714	-0.25473958545546066	-0.19886399138197292	-0.13801092963232037	-0.1851655631873536	-0.1818198781170263	-0.1449576189660662	-0.14323977364740198	-0.16925147449327624	-0.23555290496437042	-0.26921601536289885	-0.18771529505069928	-0.16855673796030954	-0.058989062038195435	-0.027989639552523763	-0.11050234665122642	-0.0028977273271850925	0.05696463467374163	-0.004498170181769292	0.0339217598003719	0.049097483101815095	0.03993875224280517	-0.05325435296613006	0.010601436124073787	-0.09393664289351168	0.1658395995650626	0.04354811260631906	-0.051440297947240705	-0.05836335164427843	0.08437350010582914	0.10760385528858865	0.10581575915322437	-0.04723054492874418
SER72	0.035588020177150057	0.07191894658723867	-0.03325180731094203	0.057083850908568615	0.09516451684116635	-0.022126004848828082	-0.08527603409479706	0.008925389534227066	-0.042566546741753024	-0.190803803862138	-0.16191110125742753	-0.10460352077559622	-0.10169368894261509	-0.05047181296033991	-0.019808073650821215	0.05276045378302618	0.05883404297840865	0.046905676163931875	-0.0846445418795894	-0.013664309369386438	-0.07343679847783535	-0.125552713540078	-0.04550862746925737	-0.004131706807546032	-0.08997823722800599	-0.0651089630613491	-0.09679728875620525	-0.052260438303994274	-0.012490855650329412	0.06119178461666148	0.01131802066976817	0.07901634892611274	0.16882731940403714	0.043446357852809946	-0.03063892902405238	0.052255619189184345	0.1548992363995094	0.055612747978666235	0.03624432755866803	0.057697693424064916	-0.07638177881220866	-0.1045938078134133	-0.14685402218618368	-0.05778180008892925	-0.0020895865105062333	-0.007279138383279962	-0.027609999659158106	0.0036343823345693677	0.025953120347457816	0.03622423982478898	0.007222470945342092	0.0396904256257145	0.07633117957972192	0.07629437592478044	0.12180075169817516	0.14939459605551533	0.11212759340015604	0.0845424247921382	0.09930220716630114	0.17955138919016686	0.3157447764669418	0.3013640148262454	0.20758378506618702	0.14048466471423426	0.08186675662494003	0.07023246362428032	0.08151438175997486	0.04513254638462715	0.18801882108453735	0.298073217855435	0.6332094769291697	1.0	0.6104664414576093	0.3708338640190983	0.29421103109986907	0.20267520635732295	0.20930032548235505	0.08569248744698373	0.06070084905053379	-0.00777817471930173	-0.03915363416084843	-0.061775285371177685	-0.209676631444619	-0.28039155860522386	-0.2294939203665616	-0.22405230586488592	-0.07031285369069523	-0.07419444126032099	0.025171557804970657	0.06868734582005948	0.06785899860736241	0.024308917525428284	0.1041465479700288	0.06637671084577866	-0.006116740657748152	-0.014673878108347367	-0.06263611948873804	-0.19985936407132102	-0.22294374149902896	-0.264482610798668	-0.2207535717652651	-0.28142315568857823	-0.2305181972216036	-0.07238257208442382	-0.09778968808982545	-0.2137497469054456	-0.2185235387533819	-0.16085738339796532	-0.1645710067127487	-0.03934103426185958	-0.02758528443768788	-0.10052191706292243	-0.0245714670482156	0.020593586450778422	-0.02097160303662945	-0.010748294440472182	-0.016382299941040523	-0.06680481492650037	-0.19830930199314561	-0.10643737458020455	-0.17008439516031398	0.0743644605753207	-0.05763698244616705	-0.24810301125477302	-0.14430934291111364	0.02084308302194591	0.06157556954213143	0.09575883204351089	-0.20334451677177723
ARG73	0.02418804092446974	0.016982403857764155	-0.10771582407076395	0.06327770513755598	0.0864054315774986	0.019529233301078724	-0.08142207813952534	-0.067802168745383	-0.040617467480685156	-0.14202837444005592	-0.17578402414864353	-0.14880064139271001	-0.08365173789050755	-0.0709805728442909	-0.08519169274991277	0.0074132912807113455	-0.005387114795060208	0.014399345569187772	-0.07837682543165622	-0.06632784984305021	-0.20868571036396297	-0.20464034875858855	-0.05759772882846031	-0.0392145368984964	-0.08654536510716165	-0.08165714263100168	-0.11162993055242622	-0.07583393428675445	-0.060322240593693975	0.009459831381675587	-0.0742666020601586	-0.047826335034763724	0.07935738509554398	0.07590193736762031	0.04103898035805374	0.019337773577938512	0.052593891323740434	-0.03347822737861345	-0.061280591690786215	0.10407828752395522	0.015840066892637634	-0.059853027282924666	-0.10094575511555255	-0.06722896204751669	-0.07659347501411289	-0.0948530397250887	-0.14134931429921907	-0.12538911490072982	-0.1086154332397085	-0.08859867029129612	-0.008634926126216733	-0.005608461467554343	0.10641471675149064	0.15153380889505286	0.16169454463825872	0.1643725062570003	0.09440521914839277	0.10240433648239276	0.06561109190619364	0.12020716044101999	0.277124679926884	0.5673548574325848	0.4678360343544309	0.3828147030747103	0.25758379008836374	0.06856250810771271	0.027814335840810847	-0.05215876197900725	0.041484288366607676	0.06736393834339943	0.19370795565135268	0.6104664414576093	1.0	0.7643862142042344	0.6041778447172832	0.3981990851818662	0.40240198855238224	0.24815353867044007	0.16614791785500968	0.09772578352208337	0.0027673187547272737	0.02874857965710814	-0.15087762211066508	-0.2667155215397716	-0.1936066994546558	-0.18017016420637255	-0.036298298064021885	0.02859578492060955	0.10054585818304003	0.15462253345771118	0.056534852172625376	-0.003129925407651086	0.20476741959983533	0.15685768428761743	-0.030995789078367822	-0.056499254461663345	-0.04429496810936944	-0.05643375287051552	-0.21683805963520847	-0.2936697594053337	-0.18389894270142862	-0.3093733071409361	-0.23062108545146143	-0.15926478758085108	-0.09193140257753808	-0.12905436343670032	-0.034109527581407104	-0.04631894136167443	-0.013729603846461932	0.10638214730974781	0.003164320462169792	-0.06550076019421774	0.1086290055992618	0.09175792038820994	0.041076294184617855	-0.05108506811264738	-0.07769579387156766	-0.09829863728040257	-0.17367899755834856	-0.18740598013951199	-0.19799134231606355	-0.016302034852886296	-0.14519570917210253	-0.2211436739262504	-0.07901149840839984	0.0819989538385923	0.07535991214879148	0.09864426484592795	-0.16862773090472188
ASN74	-0.06481489569288068	-0.09213955920476409	-0.08928092965075109	0.11083600542557469	0.12299237340949441	0.07466653504958974	-0.02175349347048026	-0.05380345893433422	0.003628155474091465	-0.078675772307295	-0.13605470306350662	-0.12135852765137649	-0.044155368796347856	-0.04339033944408059	-0.08026601544017353	-0.056910995603491256	-0.14096361865053877	-0.14116749476711754	-0.19967524638067366	-0.1891587546853604	-0.2782827617792767	-0.29308247066328474	-0.21943276168407005	-0.1572592467617796	-0.16400177010391032	-0.14254080966254143	-0.21613580346192063	-0.19668205053962778	-0.19104979577755096	-0.08116125456614685	-0.1351078754914626	-0.14782781590805574	-0.014656921300127228	0.09796864261972466	0.08872640488909449	0.04266630214221715	0.0001423791707884302	-0.05927400622292409	-0.08150612709526765	0.12846894772121387	0.05174482113304209	-0.019108817943938008	-0.0667053987973813	-0.041092707881902696	-0.10474160924432775	-0.1430620918538804	-0.18299642177225006	-0.1460290046477093	-0.16423986727331405	-0.13066408195182666	0.052095427093463355	0.12177171264886352	0.21661747758703911	0.20096720042688204	0.15849216753883108	0.208671761731478	0.19795534251584232	0.2194728244668251	0.1783983726396058	0.23141819846752543	0.3198654236772455	0.5924947478599789	0.6123962815690948	0.5492593874892968	0.4446990635611206	0.15204446931566332	0.10154131350163609	0.007610921971332592	0.03459991636155977	0.04198482369405611	0.008634681039648517	0.3708338640190983	0.7643862142042344	1.0	0.7432409001326399	0.5738890336963465	0.5985063304682132	0.4797204854578	0.3792293702063328	0.29578299401269936	0.15326831462522056	0.17624817833710887	-0.02788039645796152	-0.16481945287708366	-0.1394427932465885	-0.15912612053628364	-0.028339566039192333	-0.008365703868849697	0.06495928691961125	0.14553100966701277	0.02595373986941991	-0.07175069709104338	0.1451841272138062	0.1886114711040016	-0.02523836073001304	-0.09371775823522831	-0.07425899271494725	-0.04864022715725004	-0.2243566928964206	-0.3520106627883856	-0.21864503370773095	-0.2912935834694513	-0.20009008917045346	-0.20141796304087312	-0.15075834917774902	-0.12987474669183446	-0.03121554433725356	-0.10359033273635392	-0.06532241707118679	0.042966426476165796	-0.09062496818878092	-0.12444553783118195	0.04489261656670011	0.0021411192359503356	0.006098705773288006	-0.19480366096682927	-0.18549101813704236	-0.2072572497304513	-0.1676163222224414	-0.1768350211296435	-0.10965758667791989	0.020040821126978053	-0.16051416532935062	-0.13420618583036603	0.0682874248388714	0.104787552455495	0.05204347533378627	0.06975019936432415	-0.05959677334479024
LEU75	-0.15700763455290714	-0.1322536282228369	-0.08161594198530772	0.13453976234052756	0.1431923875207193	0.1431399243413493	0.009158273023421976	0.0063862751494963696	0.011839541088355414	-0.08074932337824677	-0.1455798257570458	-0.12984940426730474	-0.06909865103924619	-0.04038704554535625	-0.06955186463666756	-0.10104606039381175	-0.1709240147149512	-0.23513192615043904	-0.3343330933554754	-0.27474670826348535	-0.3870785850322466	-0.4201567925782972	-0.3102744968687783	-0.2217715820329623	-0.21847911562393238	-0.13194520343702842	-0.21735058567414633	-0.2180741779848873	-0.13767295825358386	-0.05265750351303104	-0.19692909775000503	-0.18673568235209098	-0.029358576066738907	0.04757263056025767	-0.011045720536435431	-0.01771259611387636	-0.01429931110089357	-0.0826992103589317	-0.1465990724959074	-0.029851580190656566	-0.04087450531024978	-0.0489701859655032	-0.1425351615738887	-0.06227235504361095	-0.09594097419408114	-0.11247870590864102	-0.1355501988868574	-0.06643897286738486	-0.06876591984260214	-0.04118760520316491	0.09550161409664003	0.12005499639389641	0.1881099677975661	0.11761717255839904	0.06915630559057025	0.17368945508679368	0.17623819070275878	0.2696913773532214	0.2556550072004065	0.280026446149178	0.3537292592609443	0.6261293533488274	0.672685634527285	0.5144589525122364	0.38607131555061225	0.10773270958527405	0.11357471589227859	-0.025994732844721237	0.032987244428544164	0.06308584629691695	0.025737951572264106	0.29421103109986907	0.6041778447172832	0.7432409001326399	1.0	0.7270972108689283	0.5789858663783346	0.4683187297421646	0.3197090018134665	0.2993299768838607	0.17966625544607184	0.15062679961877998	-0.03683822218417055	-0.16928865128933912	-0.1430504317741308	-0.12475549834197965	-0.07594674372363253	-0.01829015773648626	0.08258689989520036	0.22290739957898426	0.08994324540522103	0.006304149262391583	0.23172172912126068	0.3004127489295836	0.0208965486122309	-0.09069305828495387	-0.09164705133968164	-0.0217001964177122	-0.19540231124288682	-0.36099049867109384	-0.23381549186585796	-0.3241266122557762	-0.2213250115492748	-0.24470115756410887	-0.22510149407364463	-0.18798377830254093	-0.040113790362313315	-0.09524158816563282	-0.09342906541313477	-0.025345693405226122	-0.146600460241486	-0.16135668918228838	-0.014265562199403321	-0.052116948536946206	-0.04025872149963898	-0.20728313081170074	-0.15998352563450385	-0.16066208287604042	-0.09128912617248304	-0.08156212498288998	-0.026078258261415983	0.07287975624882101	-0.12640999913657863	-0.05143243426991629	0.11138321487446808	0.16545490903871113	0.15996409184349566	0.1480420510163745	0.023385860572383805
CYS76	-0.07346642175630075	-0.041294616463256564	0.02918167758762822	0.19056141554016853	0.10911614558992484	0.08425046720154564	-0.028553937314150634	-0.0563812015256699	-0.06441321091717889	-0.189683418493624	-0.22730100282925603	-0.20251884037813972	-0.18137065305474168	-0.19700533901904516	-0.13047364302159659	-0.1432775659979553	-0.22467379527720724	-0.3009145261977779	-0.31419007782104613	-0.27023245490093345	-0.32728962324150224	-0.35053309677741806	-0.3201522203770314	-0.24728991150400131	-0.22819471046322864	-0.1230116611855851	-0.23583563028246807	-0.2579393057224602	-0.17621101936692465	-0.06267428036650775	-0.2000508352466214	-0.17640263276835202	-0.035262084370132736	0.010713272786223537	0.02949307167184288	0.039447180320909256	0.06710547611626244	-0.008174642959936768	-0.08596321437837545	0.04266238133751362	0.028857553050047297	-0.03363392618776699	-0.0971607310948185	-0.011728546120204688	-0.05572004458882376	-0.04804331036464758	-0.06447683726096301	-0.005878530637141492	-0.025909125614653743	-0.0019047977831171592	0.09121806714864651	0.15420721966936987	0.1778547895030455	0.13447912098492767	0.06034630446087996	0.15013923083918904	0.2094818167657214	0.3798693324691059	0.2967255560748032	0.30925614991615774	0.3127687930274261	0.5064581825860223	0.6370756182101117	0.5253825188358122	0.3632994333719509	0.07822338312521183	0.10922817511002603	-0.03368348313547179	0.025760913541680867	0.10574967967461832	-0.025636867631650313	0.20267520635732295	0.3981990851818662	0.5738890336963465	0.7270972108689283	1.0	0.7914020180525898	0.66974762175186	0.41105285295044497	0.35655411998572484	0.2559905556855847	0.2703891385005288	0.09575304223522306	-0.01841020256402043	-0.005650822540396564	-0.04551353542946071	-0.027332190641692417	-0.015070253227498158	0.08788342335058773	0.2642030535097572	0.15991535813063146	0.04419502269151892	0.2751400899120446	0.42914931318872973	0.10977402206035165	-0.037025841837474684	-0.050420990812751185	0.01525070988396577	-0.1810760828546035	-0.37852834622549236	-0.21962228170552447	-0.32242584038970135	-0.24043268188221847	-0.21154836518784081	-0.2484813363116019	-0.19644670744121334	-0.013280236037366541	-0.11370484381716027	-0.11738062264878807	-0.06775170106566233	-0.19337022360507808	-0.23297695662626272	-0.09420050536702294	-0.07401970979723596	-0.06342518069235907	-0.26618132650823106	-0.20391608658405752	-0.17879592942300057	-0.13590416198593636	-0.10893950191653597	-0.04674034763081188	0.07064804804386304	-0.15650239438890268	-0.1721541745373862	0.017384039506031398	0.06923853634397176	0.05252238110780593	0.010717747088254891	-0.04845983073646326
ASN77	-0.02163046302417179	-0.06957268628335811	-0.06144422240603281	0.10177277407271776	0.08096928235174226	0.07170859302127183	-0.08544926472025366	-0.06459984277531962	-0.04369258385959913	-0.1574520469232667	-0.2509255370793336	-0.20884684056908018	-0.1601904338848186	-0.21162845237935793	-0.17232797157239504	-0.13535749491479632	-0.20013085964521612	-0.27053564136070557	-0.26755297159741587	-0.24913970955299122	-0.2539977726191522	-0.29698433124027607	-0.2899341844755605	-0.23610183173679597	-0.1974883818363636	-0.1055013103006254	-0.20430983688763144	-0.17611732411902256	-0.12982763679966916	-0.03830933783447885	-0.13385746541763743	-0.07655382665122898	0.03347642073048873	0.04304680485510877	0.029298807076495455	0.026730511737159554	0.02109836199225732	-0.06992098975323129	-0.0913891192361267	0.10638758428608175	0.04524496022323608	-0.04877461645962341	-0.09568327542855115	-0.02229575527320641	-0.08873014930300088	-0.06715937776200932	-0.0805919050323646	-0.06247547460240655	-0.06512744988306289	-0.0761027733945991	-0.008550188561013982	0.054935512475102116	0.11563825122498006	0.11599220195954713	0.03954776515493105	0.10349743903567218	0.1017194496598343	0.2515956813611976	0.18216951686240626	0.23684334809973426	0.20984431783591748	0.4123846081431906	0.5097827134232371	0.4794971434069292	0.37277151823012217	0.07902046707389117	0.06657002487838477	-0.04770267308030135	0.011807305565479598	0.046992469697640385	-0.008211403722409206	0.20930032548235505	0.40240198855238224	0.5985063304682132	0.5789858663783346	0.7914020180525898	1.0	0.7812698361036622	0.5006286381793743	0.39054642558151925	0.3035113010976417	0.3088623968476677	0.15940312846531535	0.05148710333103923	0.05114031499456163	-0.002713227104647681	0.05749720228417043	0.029822935400039927	0.0872356753180044	0.20781861471275515	0.167623546272341	0.045773085464524514	0.20584522301018474	0.28059460879874615	0.1482455547632817	0.006718575773625809	-0.02966410076259433	0.0634521929477996	-0.09397986270515954	-0.3305244494158104	-0.19470096459345893	-0.3425858789806955	-0.21790689786889111	-0.1888415742836106	-0.18155696833943333	-0.13968185802318556	-0.05091454614623298	-0.1527958730510668	-0.137743119294151	-0.0491875079359984	-0.17008093904627394	-0.22848510007671124	-0.09430572532066735	-0.08266332823248221	-0.07105558068603164	-0.21114180643964187	-0.1391101774586921	-0.15136284507472203	-0.12721619696127262	-0.13878696855570669	-0.060882609059701255	0.03103033831945443	-0.07471000671735387	-0.1069954064790521	0.05226554387749688	0.08769114366072152	0.017159355504469946	-0.03271068833985447	-0.033967816994777356
ILE78	0.007133290703237526	-0.04351501983103984	-0.050194543323561755	0.041023427881170624	0.025979398622758405	0.02157429916441611	-0.1069104459139932	-0.0868786010060209	-0.02153841241161494	-0.13641934389514127	-0.2198976553542473	-0.20501215840267822	-0.12848553223558196	-0.20545415202642306	-0.1740864529935277	-0.14806202956678383	-0.22409547396414883	-0.26528873660408503	-0.22666176091456255	-0.2514579789882726	-0.24521450314760143	-0.2575736483481326	-0.22032006689495603	-0.20708940109255894	-0.16611026501320914	-0.08120429239868564	-0.20605464674366303	-0.22116256787601937	-0.17478596866409526	-0.12918390653206632	-0.20417750854410527	-0.11651053475352663	0.0177242333270732	0.03760539161524547	0.013450870624220434	0.023990357515249354	0.021931207694765906	-0.03523811406477652	-0.014668045036323081	0.13798440920023197	0.07494212570091804	-0.014048809120650976	-0.041277261543141805	-0.020080091579041857	-0.14245068780735404	-0.15684619517535794	-0.1658978480370862	-0.13362842499675504	-0.18435456826795274	-0.1931482861946572	-0.03300165001906042	0.13191058906047273	0.21015084467838388	0.1748319598008599	0.08345686437284792	0.15657581684979954	0.17508904157362107	0.29863894058330975	0.2218017095368052	0.24310840533078992	0.19422085673241152	0.3263920884602521	0.507372750207909	0.6015976096736234	0.4666483267631503	0.12738728697042026	0.0624938326340351	-0.03261925602905081	-0.015478188483794264	0.02735291784199949	-0.0949120411209807	0.08569248744698373	0.24815353867044007	0.4797204854578	0.4683187297421646	0.66974762175186	0.7812698361036622	1.0	0.7289777803468551	0.5479396823478847	0.40429063747308686	0.4025017225905668	0.22399584919902443	0.06793153522880062	0.06238835945173211	0.0169426398716272	0.01566328128587174	0.03529901801767208	0.08339014023991022	0.2123463819182112	0.11232475326516893	-0.017261759511266968	0.1646756926198018	0.2654714081681753	0.14175189742038105	0.01684327322825583	-0.012663287555920444	0.05937708723585381	-0.0725331704161007	-0.2716139798641278	-0.10477009902107014	-0.22459561474765946	-0.1466016894226855	-0.13487195418975972	-0.10540253919658009	-0.09283057865803894	0.008461150632061772	-0.11821970068945081	-0.136485233481367	-0.09392712843438505	-0.16971461452937545	-0.22804459663632254	-0.12494961091008787	-0.13161159743589382	-0.07384024971069487	-0.19345653495518578	-0.1567335486488629	-0.19571770471980376	-0.12746907921584905	-0.15001449486689597	-0.07577496871125233	-0.028301891942690737	-0.10297148476313538	-0.0583424429110129	0.11360113037974527	0.08077808423958145	0.014438133105296	-0.012305595699871332	-0.008688734129668283
PRO79	-0.049913946039263524	-0.06795895065153919	-0.10403359272197643	-0.018553665627919057	-0.005998013442868975	-0.0036298679953963952	-0.12598675428606507	-0.10795377797454418	0.009180831193933073	-0.09080309494577693	-0.14312481032981586	-0.13687096999851242	-0.0610213691167981	-0.11637297467854697	-0.11100104222201201	-0.08608785906031727	-0.09360533054369896	-0.14905584926829543	-0.1489161472175067	-0.19853755803093848	-0.20720018574965554	-0.21544336031603442	-0.18026526354249042	-0.1616303239156649	-0.12905666423577264	-0.04816319475366	-0.15438647740114766	-0.17705626679023592	-0.1626142170018221	-0.15487370704023984	-0.1887593931558165	-0.135244091261172	-0.053145533581089754	-0.015608269148816464	0.005803339492363008	0.05654255540474714	0.04005097006530104	0.013904893797712776	0.024056152177810864	0.08701407550115524	0.0626313636299089	-0.01698376953117596	-0.029629909766496976	-0.010116867023760764	-0.08727759950396842	-0.13289043793432515	-0.1580972128009713	-0.14800811545603165	-0.16404790668805627	-0.17203654828414358	0.017371555358017994	0.14118843390841343	0.2054189868845473	0.08602096210792647	0.03258904886199901	0.06487916808298776	0.08370861081543145	0.14867806145023238	0.1069948242435059	0.21045745722261883	0.13153491275589396	0.22976885128119	0.3865772989306915	0.5715759339808465	0.5498279174638143	0.3477257271137769	0.20421600787588393	0.08218453458898745	0.0410740002855663	0.010307533433882143	-0.10687627741717022	0.06070084905053379	0.16614791785500968	0.3792293702063328	0.3197090018134665	0.41105285295044497	0.5006286381793743	0.7289777803468551	1.0	0.6731927953090426	0.5135222347538395	0.4720173984230061	0.24294379022837675	0.09451016536666418	0.04465870758114247	-0.028288462617851836	-0.06837541191465638	-0.03866111626631772	-0.021908140258615524	0.06664257498821695	-0.022854724361775304	-0.09067685478200563	0.058661414218512696	0.1163779554528859	0.04892948612861421	-0.004829960051782848	-0.028920729109413262	-0.010100107833750432	-0.0611945468575058	-0.16560060962869522	-0.1241107221119626	-0.17631858713932574	-0.12020310160202274	-0.0749385936450209	-0.11526078468762191	-0.12135727369936496	-0.06010204239058136	-0.16052367521779956	-0.1513439596201444	-0.09713525751807307	-0.1569808347429536	-0.20208866710438686	-0.10821548679649501	-0.1166160639456064	-0.07159455654566592	-0.1582745713358905	-0.12908400624840133	-0.17284805828905472	-0.12635572543522436	-0.12606689395955667	-0.04201215212763788	0.008262170192444473	-0.04767907637856761	-0.0065651452675094145	0.1324587394281017	0.07007680972523683	0.03625913002007164	0.004191253117442345	-0.005785770465118808
CYS80	-0.06355801880413137	-0.12704333234342205	-0.09749305054961879	0.002682469069639299	-0.003850046836463902	0.034662689385752087	-0.03204502530607017	-0.04154625427520734	0.05923420105407904	-0.010748050064575427	-0.05879110768854428	-0.04075344612506469	-0.0009795168893504149	-0.04778104916727784	-0.18181441206894244	-0.2041154917458422	-0.19075413293019108	-0.24125090527210832	-0.20277765058487213	-0.30433419331110895	-0.24875045320438843	-0.248471914089969	-0.22315887668079215	-0.24606496465717728	-0.1787000269820588	-0.16248134028208938	-0.20930685238677588	-0.2500269000153699	-0.2151885722616259	-0.2104399471447444	-0.2075781076380217	-0.14889388954309743	-0.07602787782146281	0.05122562437277397	0.036193006637310995	0.12921556831879616	0.05948009366054648	0.009682782205761046	0.03531439332339315	0.09337853511160618	0.04626479701649228	0.04226753156824376	-0.0030400032789012032	-0.08251934351865585	-0.1610180039124709	-0.18351092170254402	-0.181755348599194	-0.17076983273994917	-0.16045998045557974	-0.17436726166723113	0.01755571806016527	0.1890126249332474	0.29919306715931665	0.196063636431452	0.1228113647464205	0.14582692894606797	0.19755344950856293	0.23096982343790357	0.2145785821643537	0.3386492315298658	0.1969007638427023	0.2378352688986512	0.4300378040935055	0.5666874899629032	0.5123031416870819	0.39237442800549927	0.19523636150275683	0.06929997530960397	0.04231264933150397	0.008157699860626996	-0.15196975683210237	-0.00777817471930173	0.09772578352208337	0.29578299401269936	0.2993299768838607	0.35655411998572484	0.39054642558151925	0.5479396823478847	0.6731927953090426	1.0	0.7280425554594643	0.5280014646161294	0.4060971415811509	0.2420252290734522	0.06832049897775053	0.04309079961706646	-0.06892723910371247	0.052655798514189056	0.08788800028845879	0.11451015647551102	0.04054567662661189	-0.033123886089084995	0.11284965630824755	0.18202374506352417	0.034281000604723666	-0.027878436380153554	-0.056704856771373095	0.012007281754837913	-0.10953056547598175	-0.18587230601121463	-0.0780127220305711	-0.1098997822300084	-0.13089089153712805	-0.11065677203076303	-0.17232236045191887	-0.1574933488628617	-0.062275123225530686	-0.15189880580470413	-0.19535167854205523	-0.1611403234112493	-0.26289585291563017	-0.2672271699005706	-0.20190137159184263	-0.21143312651851032	-0.2035410743291737	-0.2651052941198039	-0.16894165166253056	-0.20005812262986214	-0.14074631083124825	-0.15456244125546206	-0.05661628863799644	-0.022414591004317627	-0.09432305826358743	0.0073234262785817385	0.13345794369478423	0.009530562718810393	0.09031164678329266	0.03648275408088913	0.14617553035574757
SER81	-0.06804065936246198	-0.12597675513740464	-0.08258449613339404	0.012167398591698636	0.048074927876797735	0.04754690460959492	-0.07188421037928955	-0.03245142111675487	0.06964693643005634	0.007523270584727909	-0.07192755149975985	-0.008091203411075264	0.03527537413865934	-0.0017441352732029396	-0.03620120102480733	-0.05083005988150243	-0.09554309769164629	-0.1646765647116955	-0.1754063927783656	-0.20625845451816105	-0.1629303501453151	-0.20020702082010539	-0.20432671978779715	-0.19269987551352255	-0.11118139114201923	-0.0831533352524626	-0.1445993203429628	-0.1934940282849371	-0.14775023185598954	-0.1711531406963997	-0.2201528054695978	-0.182404470982845	-0.08968233827761922	-0.03183801406300996	0.0034230182107498792	0.04667483451489795	0.03720168366873729	-0.016719596233005254	0.04598764545837558	0.09989310961828976	0.02660481791985055	-0.022734597816519684	-0.043985556116124105	-0.0689218469431003	-0.162251126789144	-0.1782942953679527	-0.14008565472513215	-0.11686966362732192	-0.16555921379353533	-0.16804991247340884	0.01928662020108101	0.20103774130216367	0.2317660536607717	0.09902483033719836	0.043680034940760525	0.042092912633479744	0.12810426749283418	0.24853247951676638	0.2635391486519404	0.3003163573635681	0.2636011124018609	0.18647191235339858	0.28425621440013205	0.3500181605369696	0.35021637900741387	0.29458257264715937	0.18887671964462363	0.1321434889299073	0.05796527679702504	0.020484092617204644	-0.10658301308516838	-0.03915363416084843	0.0027673187547272737	0.15326831462522056	0.17966625544607184	0.2559905556855847	0.3035113010976417	0.40429063747308686	0.5135222347538395	0.7280425554594643	1.0	0.6939534383506039	0.42469821801987984	0.3604007212039995	0.22568369371820388	0.10981103169176586	-0.021684841838131477	-0.04632426081025679	-0.07939202485485891	0.03304143745517641	-0.012594957116726136	-0.12149940688385655	0.015438777992773923	0.13982458989097435	0.07755571059625509	0.004706715304655994	-0.03890297959885208	0.021257838080285404	-0.08883661182417049	-0.17979725711159028	-0.10375946539221095	-0.13092117538603654	-0.1427127821151792	-0.1421084620780977	-0.18135008885995402	-0.1618492771583273	-0.14415462532389875	-0.22199340131262357	-0.2321549890051293	-0.16037305207950747	-0.19790820947005328	-0.2365128770335623	-0.16016676095071333	-0.12841466746591887	-0.10366329947323066	-0.28307578095673563	-0.2655622107314948	-0.2910840952989076	-0.16653745767404718	-0.1608487130765549	-0.059154679725621155	0.08239973629066792	-0.08031845236703408	0.042893936162123746	0.22425155127694457	0.07076945879948698	0.13130606744157397	0.012683234178509575	0.1673858970676331
ALA82	-0.03632172974843304	-0.03375057458737926	-0.021771666629378884	-0.05381636711089153	-0.06870250815303945	-0.09385352816470602	-0.1932947349869944	-0.12580493720167232	-0.0496257769923973	-0.15188647236212638	-0.22852592917616524	-0.19552058205854347	-0.0775270289017694	-0.12124523692976173	-0.09467423343870436	-0.07543837002501674	-0.13885846323839648	-0.1815300427595515	-0.17015721585614166	-0.1974216749071868	-0.1493219095503783	-0.18770165472802813	-0.20672938926221962	-0.20411826033033378	-0.13921208268646298	-0.06610687526794268	-0.09855953209205709	-0.16262538851324507	-0.11540188824382631	-0.13206294503433147	-0.18772798755893347	-0.1739156935919356	-0.0796395483712728	-0.06387425287106326	0.05529209439634525	0.14126015508119225	0.11782808459197885	0.04176599911870542	0.12055952497485702	0.09320913026636848	0.09805977014968284	0.020037850110927076	0.063805977420175	0.0029880687125650694	-0.1106485059591329	-0.11386520994840234	-0.10529049740366189	-0.13837699514686258	-0.1699561674988784	-0.14560659745373705	0.019336628961735453	0.1721105331237198	0.22992167523829307	0.13827679583814415	0.05571789348184226	0.008951942937170216	0.10455977652819494	0.25525293431301915	0.19014419277549163	0.13179414939884834	0.07592161808828399	0.1121701417981336	0.18760552745158876	0.2751387271488956	0.21624163290693568	0.1104439804102662	0.0824815659859537	-0.012048911165276427	-0.017171526027833152	-0.012618322370393353	-0.12679507525574762	-0.061775285371177685	0.02874857965710814	0.17624817833710887	0.15062679961877998	0.2703891385005288	0.3088623968476677	0.4025017225905668	0.4720173984230061	0.5280014646161294	0.6939534383506039	1.0	0.692750053364043	0.5008822718216128	0.367994320507065	0.21568014784633202	0.07538172030751099	0.11604161768451364	0.11730454063007364	0.18158412883151936	0.14235625426532936	0.03493291221986752	0.06918186134443338	0.1516944761237237	0.12528980928423952	0.010121988055516803	-0.024885660103755584	0.08778531060289115	-0.008033685088403136	-0.10141304601569458	-0.10855436457618842	-0.15219964091685165	-0.14353367959578658	-0.16065892089963868	-0.1489533194216643	-0.10253032537525912	-0.09747136130686639	-0.1695230416626398	-0.15448192690491375	-0.09325492177967501	-0.12907231473404168	-0.19615577285864672	-0.10350054491701717	-0.1016921116147511	-0.07314564188014785	-0.17417236339841732	-0.18461728734187588	-0.2222209083094251	-0.13469527078869	-0.14636937122025087	-0.03162354866279211	0.029560741169912978	-0.0910110539686918	-0.009487778148209069	0.13945518849443633	-0.00031281378353972307	0.016174357747450255	-0.08850396009253461	0.06341384931176162
LEU83	0.02734296218826406	-0.005877890888047888	0.022130338608028016	-0.09768847391852671	-0.13378492873455344	-0.13562507596488504	-0.17614885322450144	-0.09474883847257584	0.02390115842484512	-0.01826994035607476	-0.07903349690793614	-0.06499547278280468	0.03732853329400486	-0.05873980142352179	-0.11652480921803651	-0.0854614599829493	-0.15516431729733232	-0.15669296240457367	-0.07260579325001812	-0.14318748298248637	-0.029552376995203525	-0.019835723047033748	-0.10002446616752864	-0.17667418539864435	-0.08201600359803159	-0.09008342286965836	-0.05237333117593009	-0.11393282093540388	-0.14537559635938865	-0.1512436870571304	-0.13384771966830475	-0.16087991875404534	-0.11530966227593074	-0.037638520915582424	0.0792187722058589	0.16061468655874847	0.11336747714305585	0.05291794736717849	0.15359715658187714	0.14597540418048277	0.2583351902535542	0.12872008113490774	0.12097728578274602	-0.023973622627068862	-0.11741253654433782	-0.08970948275082577	-0.09014491714722304	-0.17338217968370673	-0.20285160012946432	-0.182957374635484	-0.021711785502659033	0.15592046244977	0.28791337259890204	0.24726874841605748	0.10238105755572009	-0.007764418505325458	0.07905687017821947	0.1825853884667248	0.14253034511747084	0.030058302709712596	-0.05354511644302781	-0.05794196877147494	0.022129474611505	0.15460592096872733	0.06105248288672915	0.05433756156346065	-0.01800224843664012	-0.03277917908220404	-0.05707275052824303	-0.012008040742395936	-0.19389693074200925	-0.209676631444619	-0.15087762211066508	-0.02788039645796152	-0.03683822218417055	0.09575304223522306	0.15940312846531535	0.22399584919902443	0.24294379022837675	0.4060971415811509	0.42469821801987984	0.692750053364043	1.0	0.775633590751105	0.5617875403469065	0.3900613245799561	0.19328186969290828	0.18356543711417941	0.09150316004871996	0.07391284119961844	0.14472724437881304	-0.005693885284567271	-0.03187481778414587	0.0771237209777411	0.0781279031726949	-0.016363524357873756	-0.0464130842998719	0.12827962436722923	0.004690039163373242	-0.05735650765512779	0.0029633662859880365	0.006665418585528683	-0.020023467464754162	-0.02453793873577993	-0.053498376228090526	-0.03212815771641767	-0.05082899367237778	-0.07194808651960538	-0.13256419519671478	-0.11763053302906386	-0.12866672862213002	-0.14151788493289333	-0.1693160618281549	-0.17505549153116923	-0.15097838875037758	-0.1934479906526711	-0.19175458622942151	-0.22042104939579404	-0.09334008772258144	-0.12220277569730556	-0.02168120440182665	-0.04356905190202922	-0.15219680071534591	0.0008198946847518047	0.08263105867802883	-0.10969786703557241	-0.05594903553807645	-0.16456915326184168	0.10817508812114073
LEU84	0.09946811976742226	0.012962716954899098	0.05463623874651904	-0.06719176179832609	-0.1647681027537114	-0.16267001779434154	-0.16828043383616742	-0.0777875101238388	-0.012439045301990966	-0.010148672540727054	-0.04618249137817993	-0.055879735816479224	0.01736413322761519	-0.05941649660957453	-0.09984585848769859	-0.08096834247741891	-0.11466526770337333	-0.12398089385808406	-0.017494458742639926	-0.04401273028735248	0.09707607962771163	0.061998948167237944	-0.05156633151825248	-0.15739674689590277	-0.12462700169777172	-0.15460545869403203	-0.10366520588257942	-0.14129749595892477	-0.14673560359411375	-0.1704338386705337	-0.1229521980345127	-0.12644059338618713	-0.1433343640922333	-0.10827013109446523	0.05758734397175166	0.18330017214040206	0.16186474217634722	0.1312159228942554	0.23967322414897077	0.2462491244526577	0.24652783174692935	0.13069436137317078	0.16674359976273423	0.06266903388666233	0.011325717359257399	0.05879186228529074	0.060099720420494905	-0.06001862550422628	-0.08769212583555176	-0.11117424390196443	0.017098696715079933	0.14437010332302064	0.20174231747458754	0.17043811504613363	0.09003168134300554	-0.05043567467701882	0.013423868300015055	0.13863610021351971	0.12775808582866635	-0.025686203887631237	-0.1378458167732196	-0.20020873133230993	-0.1204441876527936	-0.02634249571374062	-0.0254295566844125	0.06565490815136038	-0.04256715274738055	-0.031427258038417276	-0.07551814514706064	-0.08211427753444227	-0.21757242323243994	-0.28039155860522386	-0.2667155215397716	-0.16481945287708366	-0.16928865128933912	-0.01841020256402043	0.05148710333103923	0.06793153522880062	0.09451016536666418	0.2420252290734522	0.3604007212039995	0.5008822718216128	0.775633590751105	1.0	0.6738623875646761	0.47073395822647324	0.33033529840793463	0.2372683427183257	0.025169223407876924	-0.04164890973747082	0.10960116115457841	0.042902191352387896	-0.029750463694600788	0.05752669290055024	0.13015776585692315	0.08962988489843263	0.04743122686342003	0.1713494418332862	0.10559092801360287	0.07135403800704603	0.09124620446386068	0.129685060029207	0.03547007729104186	0.05131417119994494	-0.004110913330473964	-0.04372446686474148	-0.09356510372035809	-0.07982227475151037	-0.1581996089934291	-0.18477369881209196	-0.18403267797497344	-0.14804985117963945	-0.23218309158612704	-0.21980619777375893	-0.21964442746666038	-0.1500487953578449	-0.18148777639942792	-0.2192910895432873	-0.13683932840075805	-0.15502091755637631	-0.09025747323556835	-0.09914992619170954	-0.1653120188346425	-0.07468639622850266	-0.031664117784937565	-0.21130051120906235	-0.13462995259417188	-0.18211530807798051	0.10519375422367197
SER85	0.2546280476794439	0.19610381779012223	0.08881048987036198	-0.079195038323856	-0.19409782963695835	-0.17528469044210845	-0.181667498922002	-0.1600887184056201	-0.11888092481157166	-0.11025421243595583	-0.13833918673633344	-0.04996652217780076	0.009623021204301944	-0.03579866584496323	-0.02674110175010206	0.08387895038429757	-0.0243847685368598	-0.014273197382945803	0.04284892891724179	-0.006638271564248977	0.11223560158310072	0.07355709810754199	0.053056377030485775	-0.05122411375590151	-0.017883415447487186	-0.06811123999255252	-0.04149295117790057	-0.07991228246894817	-0.1002746697905899	-0.18139525298827883	-0.1564088764750531	-0.16440229582215696	-0.11162527754470795	-0.04175575013328145	0.07999750747191159	0.11560970842800394	0.16366957468711865	0.05038933424938533	0.21318323457124502	0.19427768971092707	0.1675379633488273	0.005584656343404628	0.0024522010866081744	-0.09366225916456243	-0.17531890907178257	-0.12066488654896301	-0.10892590703559563	-0.1997295397286463	-0.2713117909024361	-0.2309611985879875	-0.09197640559491732	0.08911667972094235	0.11859227418750734	0.033955711867859895	-0.029684958238375653	-0.09726017709352669	0.005581758255004013	0.15180648594993218	0.12201423338472528	-0.0740854142666173	-0.051509460648825466	-0.11082368534703885	-0.1127036027211321	-0.06821431227585345	-0.09523348230525536	-0.058361964691446	-0.04904083632868532	-0.05339606904088355	-0.13754123596230816	-0.03732232515864279	-0.07270266305881987	-0.2294939203665616	-0.1936066994546558	-0.1394427932465885	-0.1430504317741308	-0.005650822540396564	0.05114031499456163	0.06238835945173211	0.04465870758114247	0.06832049897775053	0.22568369371820388	0.367994320507065	0.5617875403469065	0.6738623875646761	1.0	0.7308801675239698	0.4032949964826196	0.2583614862978389	0.013344848677729058	-0.06979285433375118	0.059501123955206736	-0.004519795535362098	-0.07403968769044594	-0.02640351411276264	0.08297207284397061	-0.018395321089707158	0.032719858170859	0.1960298199997941	0.10492024718645354	0.02319411793286252	0.03780893779415741	0.059445851495078736	0.14451267253072278	0.026094977523823996	0.014634244175834279	0.03927900212934304	-0.011530310092098997	-0.0003039386117673679	-0.05578947653389697	-0.01763227953254164	-0.020492714494094608	-0.061830993846401644	-0.033059235177543306	-0.034940955594749516	-0.06276156895597239	-0.05105688866106681	-0.15634953969500387	-0.18362142621407743	-0.03676226516496341	-0.11151204720932174	-0.11472974635105038	-0.04357432312215671	-0.07667540224721611	0.008216025611861686	0.03659768528122729	-0.14741662949054482	-0.11439576721029633	-0.2163630605391966	0.04693974303869351
SER86	0.30681695065317643	0.24196249438039466	0.04720150848939396	-0.07815521842071783	-0.13278554191829928	-0.107700947865448	-0.11979405006177207	-0.13009706564157145	-0.14896519441971404	-0.0833300925875691	-0.10466906661567643	-0.06098243882209307	-0.008456973344809049	-0.04800436784851681	-0.18440585822428923	-0.07224908204760468	-0.06320677990092789	-0.09615984512221959	-0.029456913421205516	-0.07683139857422244	0.05355188031497875	0.016874106715114537	0.005632021652193624	-0.02392591244914136	-0.001825142971145927	-0.049429479155365524	-0.0191214203968865	-0.015283983151943186	-0.07008044024774736	-0.18033080332661544	-0.08708843023045161	-0.08916988049494332	-0.048900557736265615	0.14497087215579446	0.208631496377515	0.24714721167263132	0.19256988660407257	0.085889255323282	0.19543313599306525	0.05392892489037172	-0.016937356630042467	-0.06170155364342112	-0.18364866709481809	-0.31971491601231217	-0.3113971228383222	-0.24655117114189995	-0.18596355061332262	-0.2646934502170933	-0.2762448651267511	-0.2916903232283147	-0.2502675922701707	-0.11441956841993825	-0.07856133039228622	-0.025598372130661236	-0.028176883802722274	-0.04907444669258646	-0.04930615369113329	0.014587665324302175	-0.017986482141806245	-0.03982845101061915	-0.046691657600096366	-0.056066008138385956	-0.09546338253885389	-0.06329082884167699	-0.14199894482187356	-0.17955356448767285	-0.13002798722615444	-0.1092533434532559	-0.07982799009321026	-0.002315995978840729	-0.0007930502232268211	-0.22405230586488592	-0.18017016420637255	-0.15912612053628364	-0.12475549834197965	-0.04551353542946071	-0.002713227104647681	0.0169426398716272	-0.028288462617851836	0.04309079961706646	0.10981103169176586	0.21568014784633202	0.3900613245799561	0.47073395822647324	0.7308801675239698	1.0	0.6014358562020892	0.4755099191146298	0.17384637423093932	0.028713795563760223	0.17268406724347768	0.14687504854111263	0.09075038976085684	0.014705323840062998	0.1277595939796724	0.023697275109856777	0.03650535906260823	0.19021055235164422	0.13607301006893435	0.07237860642750088	0.1305835314207566	0.11688896760782448	0.20954777851006973	0.023306656998085595	-0.017111130495630587	0.08047358004368806	0.04919215816880119	0.056581020667331894	-0.07713924368203091	-0.09956895419518451	-0.12546907887738748	-0.10890681441189959	-0.09136776840706849	-0.1842687800855122	-0.1942019393008419	0.003112507154586908	0.02402846020092611	-0.040127307319565805	0.00788988960738352	-0.0670249207462587	-0.119712422747288	-0.10230205255395182	-0.004085278984205966	0.13617828208398794	0.06399707746065564	-0.1110189115971505	-0.0683398352499807	-0.13228399886063555	0.23098523827168999
ASP87	0.36785227362051165	0.22989846209479214	0.02278936175221951	-0.03185805176141847	-0.18001078340095839	-0.23406120326137395	-0.273301037067473	-0.193365155461625	-0.19764873646482858	-0.235570181435787	-0.22289276952604267	-0.16435533948706368	-0.15238617032761814	-0.22553640549353846	-0.2562045568678715	-0.05705539957491425	-0.020886161458114404	-0.09031512845745548	0.0006536415609928035	0.007441891264855151	0.16383499490559517	0.08846320560494951	0.04207850968261478	-0.0663265920250052	-0.12398615406293759	-0.12682112049508812	-0.013235558866170382	-0.004758877669992866	-0.08541895584296672	-0.1291441325994018	0.03831536582492007	0.021870006861448174	0.01853756744960518	0.10429568308919066	0.2296145089244832	0.26707679002326734	0.21272464598362056	0.1625503479648799	0.20085002618156578	0.2378410025272608	0.02958429151025236	-0.0581034782449102	-0.1182737725691597	-0.159607928392612	-0.12787000992283948	-0.04135239653185951	-0.022030647436616264	-0.06293853537618065	-0.0846015698958249	-0.13838805816156352	-0.22826911404735353	-0.23707257080990335	-0.12504857238363726	0.05693343281221646	0.18023462232583903	0.12653530075336974	-0.033470151234194924	-0.023214180388841855	-0.11335704623325779	-0.1012535047673952	-0.13024861760188752	-0.017967883728850532	-0.08648818935911644	-0.09216963041529376	-0.14136763961659707	-0.18931509917058365	-0.20338064506394693	-0.18865296044184246	-0.09153028126182544	-0.11121441850493609	0.03685468432596166	-0.07031285369069523	-0.036298298064021885	-0.028339566039192333	-0.07594674372363253	-0.027332190641692417	0.05749720228417043	0.01566328128587174	-0.06837541191465638	-0.06892723910371247	-0.021684841838131477	0.07538172030751099	0.19328186969290828	0.33033529840793463	0.4032949964826196	0.6014358562020892	1.0	0.7332446650081208	0.4435156686037773	0.1506833909879495	0.2728712692802379	0.3349418662069628	0.25935120927179567	0.11135191041213836	0.16232787192998127	0.23873874750244617	0.27430144172874593	0.2077811035429984	0.14445894162100334	0.09425308414570563	0.10132163165738671	0.052962147957311065	0.12024304057527459	0.009172107579958132	0.07425964671805703	0.11478329924241293	0.05768831618473138	0.0829791960838383	-0.003942402180760299	-0.03337195060886246	-0.11080870049837668	-0.04945535291264708	-0.04240795642853499	-0.1613408790969158	-0.23660182043920513	0.01956247912618764	0.0031032793428643806	-0.05794074643029748	-0.13637262797805338	-0.14512825469961402	-0.22183519590553577	-0.11226216174542367	-0.11342525205336987	-0.17508718164829806	-0.19553396321330543	-0.25968195538153693	-0.2309352321968382	-0.22548617358536424	-0.018007867630009153
ILE88	0.29143682445581487	0.21169043734861953	0.010454535272820543	-0.07552822195629517	-0.2390619307769881	-0.2400065893413532	-0.25289279362227934	-0.1479068194857875	-0.18709204027139537	-0.27120438180001627	-0.25140198340457465	-0.17667356025422648	-0.20564468315050502	-0.2669846340722289	-0.30585127200290285	-0.1488730930267915	-0.08504559401299348	-0.19145001899862585	-0.09203566022973905	-0.03763573864239181	0.10548033786666608	-0.03472072143048745	-0.004283516024492323	-0.13575634171668727	-0.22661226007472093	-0.23406598934380937	-0.11856957997028418	-0.056127645670520865	-0.10769547934719469	-0.16303649990087585	0.03249914831414244	0.024469964341722078	0.06030826637304657	0.1734173509443661	0.2648579020810172	0.2964994346371023	0.21255847821524695	0.18597830956803976	0.2302010178812035	0.20602239915633966	0.06802257571508505	-0.024467187804176005	-0.1047453068029142	-0.21844608954917719	-0.16993750017055811	-0.13031882091299074	-0.12636473075389154	-0.14795416048078744	-0.13193219980017537	-0.19323998691980834	-0.28393148103181715	-0.24022791054433648	-0.043374064119405774	0.20185394357171735	0.28000451784076946	0.2502372959975008	0.07438096699955356	0.024693560187749913	-0.0985685547498438	-0.09216966160909429	-0.1792856495791989	0.016444809238244918	-0.05902621312944963	-0.012532704891075818	-0.1431448305543961	-0.2403473986374066	-0.26862415893153296	-0.32443465680063976	-0.16528825526924587	-0.19279030186936413	-0.00599954566830394	-0.07419444126032099	0.02859578492060955	-0.008365703868849697	-0.01829015773648626	-0.015070253227498158	0.029822935400039927	0.03529901801767208	-0.03866111626631772	0.052655798514189056	-0.04632426081025679	0.11604161768451364	0.18356543711417941	0.2372683427183257	0.2583614862978389	0.4755099191146298	0.7332446650081208	1.0	0.7582704662377596	0.407548812649253	0.4173287193983112	0.5278659712024353	0.41979448020311366	0.21077942215540943	0.22314509797357265	0.2546359537798771	0.32544964854935565	0.3351148821006087	0.24276018648285727	0.18797226215665588	0.1564436048308988	0.09464504629464567	0.12861496039544262	0.04847726633943601	0.09982224192947893	0.177412801166742	0.10759345315612903	0.20874235352181247	0.1237645301517756	-0.017388250804442475	-0.12484278533113882	0.019971178750539664	0.0251135961740064	-0.1797727394010257	-0.3066584093471003	0.03111166995240146	0.08605742205506081	0.004662362812438325	-0.11465097718877795	-0.20128087134436068	-0.259726995127644	-0.1665936118899059	-0.10289961716131894	-0.14967694529907227	-0.17106571685764255	-0.2619685641322247	-0.2222647615131914	-0.19052777281114477	-0.04802322718761095
THR89	0.15688405943315326	0.12925197827401777	-0.040974925894221866	-0.1232908889931903	-0.27011829911395135	-0.28306051250640635	-0.3004177785394612	-0.2171597710152092	-0.20145437435095034	-0.34791513834414234	-0.35089055367730165	-0.24437220277203112	-0.24959007602542527	-0.30623913911319733	-0.2917045337793733	-0.14403963394630961	-0.08567014833649393	-0.16146136473203565	-0.07665309525144272	-0.0632621621069887	0.046844780621183586	-0.07377870252954755	0.009428614789355453	-0.08739519870061718	-0.2320649656690822	-0.21135503978130174	-0.08172032002558981	-0.03622303265511114	-0.05791059791336561	-0.06117009084916299	0.061598640267750894	0.07207491175112692	0.14893958432431245	0.16333384722639255	0.2028662170009772	0.25325635888888987	0.22212983310175363	0.1499102451815133	0.19395955687031335	0.1124220176482316	0.045387406456665856	-0.012324782753610769	-0.030045921065432017	-0.07671671806782746	-0.043936349895275104	-0.07349789211930854	-0.10323485040485629	-0.09257880886898497	-0.018023422627373817	-0.07461815035315143	-0.19414312409808693	-0.1622134980990168	0.01056435588783763	0.20839617458237542	0.2677716730749299	0.24817868628617432	0.07070262818554873	0.061509712959609615	-0.03293042103349603	-0.01937326309254527	-0.15384669004138743	0.11094395800292182	0.053200538888595536	0.08946456360716791	-0.08486416933232203	-0.16553107141249382	-0.21624659424420314	-0.33847219330691664	-0.15362721730067438	-0.17968840397420555	0.02362968154979873	0.025171557804970657	0.10054585818304003	0.06495928691961125	0.08258689989520036	0.08788342335058773	0.0872356753180044	0.08339014023991022	-0.021908140258615524	0.08788800028845879	-0.07939202485485891	0.11730454063007364	0.09150316004871996	0.025169223407876924	0.013344848677729058	0.17384637423093932	0.4435156686037773	0.7582704662377596	1.0	0.6912734846290253	0.4818762752050484	0.6353010099633725	0.5826919652521652	0.36265195483561985	0.2824483004452405	0.2556115802263137	0.2909076479598547	0.3088020568224551	0.20898791397357894	0.1229766449849686	0.03817603986994593	-0.07557371971809058	-0.0035157867347679933	-0.009957963546514677	0.07875963970769234	0.09569900129952273	0.08910859603436515	0.1953816506793437	0.15428972900411256	0.07179475182037531	-0.03665540628095847	0.03264940911919123	0.06082613334358574	-0.08280481311782098	-0.22172132049453858	0.10522294665089282	0.1477499990561756	0.06643402702619976	-0.09612356314141528	-0.20218231377660045	-0.24657957530149924	-0.1696266140067994	-0.15626858328192839	-0.2583575375512521	-0.25800148565150643	-0.25092848698150977	-0.2300187919473124	-0.19089325235620722	-0.2031008579420777
ALA90	0.03400992308115308	0.03854851451156817	-0.07510214954318398	-0.059454058358070536	-0.1263123204432921	-0.14106918230972507	-0.20352390312453	-0.15610733846357402	-0.18234561899401616	-0.338428935737333	-0.33726683031630156	-0.26907820990348535	-0.2997793263878415	-0.2917781750000951	-0.19067556675834674	-0.15168972704757544	-0.17677242834591558	-0.19648794386268414	-0.1372646313686402	-0.1828587046139262	-0.12508196526164256	-0.187786559188019	-0.13425310992517464	-0.17361382842330306	-0.2344295013990853	-0.13573237841414204	-0.12444599425169046	-0.09156972818313139	-0.0686221428636665	-0.012506434326705347	-0.04397553587185835	-0.05520192892147138	0.058208607806082904	0.026840445199845953	0.01716439402674357	0.06792117724476941	0.06855060751827928	0.020950617380415266	0.05375618526297647	0.03448823063561475	-0.012126805526329701	-0.04170812819261719	0.03189647192501808	0.04544029339648008	0.06960046294711861	0.005097915871759674	-0.021242562797981892	0.018472344653770786	0.03853856330751953	0.07460641937110082	0.008233621712582202	0.00794741291890511	0.08503679763141922	0.16201865955789577	0.13620378353378845	0.19723591068124455	0.0940420375865446	0.21850769313347557	0.1258031100089772	0.11101933306774861	0.025524699124187665	0.19949902211495538	0.18154216425383185	0.1826449974308473	0.03261403996925442	-0.10386826905723871	-0.13621883298357407	-0.21136527213535586	-0.025373829561570218	-0.022327823529338202	-0.024815545273185458	0.06868734582005948	0.15462253345771118	0.14553100966701277	0.22290739957898426	0.2642030535097572	0.20781861471275515	0.2123463819182112	0.06664257498821695	0.11451015647551102	0.03304143745517641	0.18158412883151936	0.07391284119961844	-0.04164890973747082	-0.06979285433375118	0.028713795563760223	0.1506833909879495	0.407548812649253	0.6912734846290253	1.0	0.6726334019570217	0.5458384930075141	0.5919114693182324	0.5171432865412783	0.35070563158034945	0.20798590066319356	0.13634358375097638	0.17765525811183938	0.06116006999174547	-0.06445475928494689	-0.13009081242940412	-0.28917669264352835	-0.20295255091765185	-0.17179380929107527	-0.09751291855120874	-0.08423578725435282	-0.00605481993280543	0.05266709085253851	0.060850274552533404	0.02859237270943369	-0.0665001899643228	-0.053816421690190144	-0.019825747249121204	-0.05198761482057318	-0.09157031359325088	-0.00620329109042779	0.0612860235263982	0.09551907903676334	0.021137129474043764	-0.15192047807056652	-0.09778753579288127	-0.049957344024373844	-0.10335451360313812	-0.2211849054295523	-0.15291841516421434	-0.09468171743532135	-0.10999914259881709	-0.14716765519193406	-0.17924466339691406
SER91	0.15213005315961306	0.12560013208442508	0.010625777416115537	-0.09230382253711207	-0.1576861464955445	-0.222918109508722	-0.23099945429183374	-0.160933046156336	-0.1969674472697305	-0.2583676539654418	-0.23138453462601213	-0.18677768216279347	-0.23624803377871076	-0.20424640787870413	-0.19472916147839747	-0.13092772016404813	-0.1984748662910594	-0.20034780194251614	-0.15496725042008877	-0.18582727485381534	-0.053139724410702	-0.12153242873142933	-0.14892773083428387	-0.13506972780020274	-0.13683906044772742	-0.07426907042248325	-0.07252193618052569	-0.02946561074107408	-0.046933095551422756	-0.012447756940960186	-0.020602686142843735	0.004196841952214221	0.014205145466415417	0.01654985190769378	0.06306263231656645	0.11622491261274374	0.12049053043848029	0.08842036177203186	0.14542713495484633	0.009763201107953198	-0.056011658523485476	-0.06720097135001818	-0.04441090137665009	-0.07849880071467569	-0.014681247256761136	-0.032812565279715704	-0.021515393923721704	-0.02444706589698237	-0.04491002259304049	0.0033416916634103583	-0.08085433252863757	-0.07831104451915252	-0.04667287208825573	0.08630592004942127	0.09979648877290247	0.15616129092697245	0.00740759627357125	0.10260111512256895	-0.0015545296022234814	0.006150831831540828	-0.06292401001273687	-0.005234389590256451	0.004196773728877142	0.004345204387433519	-0.08519800422233953	-0.15660342359915363	-0.1901208297130128	-0.18399898928855984	0.02992342754991291	-0.04117982432027281	-0.043343441527522016	0.06785899860736241	0.056534852172625376	0.02595373986941991	0.08994324540522103	0.15991535813063146	0.167623546272341	0.11232475326516893	-0.022854724361775304	0.04054567662661189	-0.012594957116726136	0.14235625426532936	0.14472724437881304	0.10960116115457841	0.059501123955206736	0.17268406724347768	0.2728712692802379	0.4173287193983112	0.4818762752050484	0.6726334019570217	1.0	0.643958861418372	0.4735856868203702	0.4695443888458921	0.5133379961250578	0.29555805551385234	0.18839365928862234	0.24090204888973643	0.17540008715046007	0.07166508595249103	0.045743951210859286	-0.05184301605261398	-0.07113995361739478	-0.046605194693757394	0.006664986074429039	0.03893044263343597	0.041824703879760936	0.08202339979523991	0.0008482437232958514	-0.09491040150616971	-0.13613331850581226	-0.06363163572748552	-0.10469617058888755	-0.21575890382173576	-0.22082124994011448	-0.04298269472570952	0.10242810983588209	0.04387772103945221	-0.03128532421812981	-0.046582251894292645	-0.015424483480162697	-0.04715175600921372	-0.013866517792048156	-0.1193223166525584	-0.17255592079252347	-0.2096988150070097	-0.202180528718516	-0.1623514113858817	-0.041013662913328225
VAL92	0.18010477207199732	0.15274397643015797	-0.038802458691744014	-0.1327392416079873	-0.24716231352476364	-0.32879406460847704	-0.32096851372514423	-0.2495247328566204	-0.3199027887407229	-0.40249219236259803	-0.3922302994769433	-0.32219110195898837	-0.36070145150905697	-0.38269943650311017	-0.3199476452614684	-0.1619560129833902	-0.10865977208832099	-0.10431200668130886	-0.03231353154920787	-0.05421018680213127	0.09390368380071273	0.020416247874360253	-0.050591239793711024	-0.06039244717179066	-0.13525098178459843	-0.07494880078023902	-0.017695581868935432	0.0229348099302451	0.012389762855820012	0.06858799868289417	0.14076653980774556	0.10075598269621709	0.06322886331376251	0.07916132122778818	0.08315068013781565	0.08600881813567948	0.13735315102334944	0.07729300825269453	0.1394483404775921	-0.00796894785745083	-0.118086096580926	-0.1266118842805886	-0.0376113281759483	-0.04897167665691111	0.09887252132607113	0.08512492820779609	0.10560525879962811	0.1178984967040155	0.17310498179994654	0.1416944883262573	-0.06779760026148018	-0.20375232968537776	-0.140246075113002	0.017608412677730657	0.06480859684260398	0.07240439749269813	-0.09436322168879324	-0.051958528988411176	-0.1433239596488533	-0.054625848963934055	-0.20218499794120778	-0.03482058999204724	-0.056213226127224604	-0.02176124696000058	-0.11824255609978715	-0.1465871455787754	-0.19000202304574376	-0.26849937871970525	0.03981437121563686	-0.02181467948500127	0.044874470190381016	0.024308917525428284	-0.003129925407651086	-0.07175069709104338	0.006304149262391583	0.04419502269151892	0.045773085464524514	-0.017261759511266968	-0.09067685478200563	-0.033123886089084995	-0.12149940688385655	0.03493291221986752	-0.005693885284567271	0.042902191352387896	-0.004519795535362098	0.14687504854111263	0.3349418662069628	0.5278659712024353	0.6353010099633725	0.5458384930075141	0.643958861418372	1.0	0.7135706684588228	0.4579510004983654	0.5534541945214106	0.4906829530568234	0.34147782494951173	0.31047034400024054	0.2886704852728086	0.20819450842500095	0.11162738738867796	-0.04793076799082885	-0.054714610035994475	-0.04844044322146756	-0.012740306517910402	0.03258618747778817	0.04061629995571126	0.14972582102318652	0.09388629547016453	-0.09830340147730633	-0.14467217727961929	-0.008151807147140209	-0.020779955581151366	-0.185912638840092	-0.2700115966780403	0.047280656244280135	0.216492013171954	0.16782672617608496	-0.04121877334486715	-0.043000696909070414	-0.05627272741396449	-0.1147721689033291	0.031810974553962125	-0.24723370522770846	-0.4038461849257305	-0.310801870768201	-0.3098979710298599	-0.2397895494944453	-0.13673729564904014
ASN93	0.14049317971159328	0.1187462588074527	-0.03341864840545463	-0.016375261152673716	-0.1314577618754894	-0.21905103286591107	-0.28084085742231063	-0.27335876796819913	-0.29624136523590366	-0.40849224952313656	-0.4102887581141786	-0.3246765389492838	-0.36043171555528886	-0.4081724133632152	-0.35052621162069214	-0.19197887159109786	-0.10452526944606169	-0.16454096674066693	-0.11242829177668819	-0.08927314798874171	-0.073916829568709	-0.13620910445478498	-0.04997724294870084	-0.1030006667235639	-0.202933788530367	-0.13990805482930221	-0.08117889270134865	-0.06562714054856818	-0.039418227990891626	-0.010687897924324907	0.001269638477279958	-0.034120213937358784	0.036465903273644615	-0.002160072587944149	0.062289156249334524	0.09088285859554535	0.14053730490881797	0.07556681547723643	0.09404934387976602	0.11906699891245595	-0.031071741832479384	-0.07428542803809447	-0.020414911423543926	0.0322899831943637	0.1163943529739725	0.09257631162006716	0.07300322093169175	0.08216617367990417	0.09479402614355414	0.04176248296500092	-0.03727258450497884	-0.038591769585373185	0.022879108731376992	0.14535315882772418	0.14138523634145084	0.21346784902712193	0.060984848454461005	0.16286077710658825	0.06425582458661039	0.14011278684503564	0.00749128822470087	0.21144897821801756	0.24374474720014966	0.24078874924334806	0.05629685359007783	-0.0372969332270144	-0.08887764985151704	-0.16634759729633505	0.0542058598036284	0.006056613384359885	0.0080408841488826	0.1041465479700288	0.20476741959983533	0.1451841272138062	0.23172172912126068	0.2751400899120446	0.20584522301018474	0.1646756926198018	0.058661414218512696	0.11284965630824755	0.015438777992773923	0.06918186134443338	-0.03187481778414587	-0.029750463694600788	-0.07403968769044594	0.09075038976085684	0.25935120927179567	0.41979448020311366	0.5826919652521652	0.5919114693182324	0.4735856868203702	0.7135706684588228	1.0	0.7192061483528173	0.5038876523499203	0.45919961022623484	0.3563805894722857	0.27908005755919296	0.15382415540155106	-0.014924030906134013	-0.04844235516731443	-0.23744591182979158	-0.104361124472597	-0.09881215225946992	-0.06013687684729439	-0.07075626269134888	-0.00926380105508205	0.013319078004048837	-0.05996776569322212	-0.11093472045025034	-0.1751761650263082	-0.1140757422706735	-0.02157396519224948	-0.09443310758363349	-0.19522296499842065	-0.05266459499653133	0.01189295139020116	-0.010829225079882283	-0.1385488921540402	-0.1374254413247678	-0.15223000855206323	-0.07561770754670524	-0.1419844844492184	-0.34961270661558186	-0.3145681579704455	-0.1828798960290488	-0.1784398849031261	-0.1827932356152689	-0.23842349576245703
CYS94	0.008846211683070758	0.03177852569096822	-0.010932108653408606	0.0006083738314890832	-0.0991856099279159	-0.1926489741779991	-0.2351454585823431	-0.23649512766950664	-0.24027079584722952	-0.3127992314426243	-0.30647189629546095	-0.24329139878866207	-0.2769665817447449	-0.27188343990212505	-0.19771104607263562	-0.08684499230818113	-0.1145583680620255	-0.19549569373478073	-0.16406711129923535	-0.08828514582103177	-0.11571987770997748	-0.23052528475025105	-0.15042458588884022	-0.14997779011855605	-0.23617711206723743	-0.19436448033616718	-0.16767864001460192	-0.14650640779644752	-0.13144519530069046	-0.045753321773191004	-0.09798130234103121	-0.09556559425911577	-0.022930893665269264	-0.09177209608409304	-0.0026880561852242867	0.045439109558906024	0.09430133452812402	0.0504906222246027	0.0244850168595764	0.07516918767244014	0.0070192848878648925	-0.02484745763144384	0.02773285766807629	0.06895728090517192	0.08283359649819921	0.06200354827087188	0.02093657876038344	0.05869364940000302	0.032041382436815015	0.04909747483915852	0.061966826448305576	0.10479310352065117	0.1641834985120319	0.17414754285707373	0.11937959053694115	0.22911177252954654	0.15675292082733439	0.3482332035184995	0.22262379550241745	0.19737867485498187	0.13297810148786413	0.24731472797198287	0.2997236193927176	0.26348645541047894	0.08723252188175212	-0.006654627238316471	-0.016093701262800356	-0.07416056558474106	0.042360157336447185	-0.007966885092245992	-0.07382428208517486	0.06637671084577866	0.15685768428761743	0.1886114711040016	0.3004127489295836	0.42914931318872973	0.28059460879874615	0.2654714081681753	0.1163779554528859	0.18202374506352417	0.13982458989097435	0.1516944761237237	0.0771237209777411	0.05752669290055024	-0.02640351411276264	0.014705323840062998	0.11135191041213836	0.21077942215540943	0.36265195483561985	0.5171432865412783	0.4695443888458921	0.4579510004983654	0.7192061483528173	1.0	0.6336451159562629	0.4305511469400423	0.3509917774800251	0.32813857594819995	0.11643614254808615	-0.07233079866633647	-0.1053314637829608	-0.23482688351742761	-0.12895918285754013	-0.1192776275334218	-0.1348196555422848	-0.1275313319169533	-0.02784593054893041	-0.03467922308473887	-0.13898621443903308	-0.129748094370493	-0.1916364986079383	-0.19349798545660538	-0.1260353772848195	-0.142268845938224	-0.17899675178807645	-0.1735514612947546	-0.08489963947659343	-0.09585418428947502	-0.13701090716646513	-0.10606206287025746	-0.11598575193591064	0.026046643934997938	-0.11651197442143676	-0.2700355639546951	-0.15510250928135852	-0.1268071721097429	-0.12951224967700042	-0.16528800476982813	-0.1686590142007122
ALA95	0.05679296404084076	0.07412877708482724	-0.009066910993904276	-0.12334163138604466	-0.14006871099602702	-0.21456610585937227	-0.258430767524187	-0.173806484426969	-0.2231103436428068	-0.24901755208688264	-0.24155689990387938	-0.20424100996555683	-0.24888196415814842	-0.2301649277946232	-0.17904931496019727	-0.051987985526391806	-0.060392751484318746	-0.12517758062101628	-0.08000193490051526	-0.001842961333182105	0.07010716738204946	-0.018832092493283242	-0.05435672714822558	-0.07229675595407392	-0.17731047894233357	-0.13976011658725634	-0.08036654163373952	-0.03148597158928989	-0.10027803162060347	-0.01858948159968083	0.01986485588308325	-0.0056259193264513565	0.045620244332635854	-0.011946100672705278	0.00999477961833714	-0.008147174065659697	0.05139789362445078	0.06151237936908567	0.08278720032582923	-0.05670216657227458	-0.09978182255223976	-0.10304096499944111	-0.03779185063646884	-0.041892707923609426	0.02905793123385048	-0.02832838644700583	-0.03161384874000953	-0.01624370805830375	-0.010571368898697068	0.009810916113829456	-0.03402216016470659	-0.10527921549704071	-0.033263654635159866	0.0371121354687039	0.039100249900729536	0.06988785948525358	-0.08341466743409333	0.07001363950318654	0.0018329098425368723	-0.01680886647626841	-0.0664333163645722	-0.0009041377798309595	0.01684242390368059	0.03163545043890826	-0.051394473207450796	-0.11814608308374201	-0.13461307616300655	-0.14088241111352512	-0.03804721162680056	-0.12326480834040988	-0.06377203936820032	-0.006116740657748152	-0.030995789078367822	-0.02523836073001304	0.0208965486122309	0.10977402206035165	0.1482455547632817	0.14175189742038105	0.04892948612861421	0.034281000604723666	0.07755571059625509	0.12528980928423952	0.0781279031726949	0.13015776585692315	0.08297207284397061	0.1277595939796724	0.16232787192998127	0.22314509797357265	0.2824483004452405	0.35070563158034945	0.5133379961250578	0.5534541945214106	0.5038876523499203	0.6336451159562629	1.0	0.607589012964915	0.3979776176561367	0.4693129415114622	0.4318044529505908	0.22788328424282764	0.08804062205618586	-0.013772718531800923	0.009887596155587926	0.019059739015408732	0.005886867063024253	0.005502079423789906	0.0643986200524036	0.1402684147405294	-0.003288279484298042	-0.1055453480055886	-0.12716040291812616	-0.05419786387940435	-0.08343149650897909	-0.18613431629261037	-0.21707021439863955	-0.049051934977868514	0.13518828344307152	0.024867305734975684	-0.04624151434597603	-0.028725322839707038	-0.06815055904415834	-0.09106826290924379	0.03409488693483984	-0.13815181082990038	-0.19197672637471902	-0.18433153891154908	-0.2067601375920738	-0.23090697241945554	-0.09023279164867215
LYS96	0.10444590899002554	0.09897853358310073	-0.04913442951297238	-0.09737036188744688	-0.13843826634988385	-0.23935237982895477	-0.2541777177727479	-0.23167807645087105	-0.24580278648343312	-0.2223399392993544	-0.22263901892764767	-0.2013320921546391	-0.24321815020723397	-0.26419004877727537	-0.19126270594208072	0.025879356600407827	0.14577003628831403	0.048713379591043715	0.0889914870960982	0.19025432603424228	0.27686205139195685	0.1112869942121779	-0.018457219663703117	-0.10240778716900104	-0.22622792807122494	-0.1666593989222803	-0.09844607984456619	0.015398715618320062	-0.0334008609369987	-0.008497380656445843	0.054482873579796115	0.03427799739788864	0.01816079271183139	-0.03702500701577034	0.021121873183446705	0.06249429252437839	0.06527935143137267	0.14408662765848235	0.18366531912147088	0.1275908457640672	-0.00978683753755815	-0.006773559628573144	0.08838423569241244	0.11923014428403128	0.13500903007906864	0.11662852326040883	0.12324185981314453	0.12829138095004858	0.14296376481585307	0.06910144332444793	0.045422675318669344	-0.011538463313362673	-0.007603539917893363	0.06600074724397062	0.1348089876553807	0.18162861892635548	0.050844243286538054	-0.01142012647610445	-0.055823958842534493	0.028544325845953747	-0.08193828188203812	-0.08302692476363137	-0.08975475642573016	-0.026254624258590546	-0.06951882611612316	-0.0056124445507547485	-0.027123390592541523	-0.0003552494023804471	0.08167988913436501	-0.031316546398134686	-0.09126858779094726	-0.014673878108347367	-0.056499254461663345	-0.09371775823522831	-0.09069305828495387	-0.037025841837474684	0.006718575773625809	0.01684327322825583	-0.004829960051782848	-0.027878436380153554	0.004706715304655994	0.010121988055516803	-0.016363524357873756	0.08962988489843263	-0.018395321089707158	0.023697275109856777	0.23873874750244617	0.2546359537798771	0.2556115802263137	0.20798590066319356	0.29555805551385234	0.4906829530568234	0.45919961022623484	0.4305511469400423	0.607589012964915	1.0	0.7466554364491865	0.38051855059287965	0.3742846706556814	0.2544142179929777	0.09181612094744558	0.003429933297865723	0.0002526624193868193	0.05309064762750462	-0.017353799613653048	-0.0018015277770243	-0.0019144172689139866	0.019273645754839076	-0.05228033616834124	-0.16190168585781525	-0.1454833737608159	-0.0357932616049808	-0.09899376527369708	-0.20180546248279382	-0.2097167979563834	-0.08333156693447004	-0.04070123821795439	-0.1165373321389248	-0.2915691487071542	-0.2526800996150579	-0.2906213647255766	-0.1732821866654068	-0.12482432039760573	-0.36518476044430154	-0.3385747535526354	-0.2619250977920519	-0.2174543827751995	-0.18149844278379892	-0.16104019381074716
LYS97	0.174557670137932	0.2032275466523459	0.029175317495832992	-0.0695886601283865	-0.21331894148468183	-0.28530062186953237	-0.2789436210799907	-0.20802067815544947	-0.18069496080921563	-0.18349484109990202	-0.1544154208177971	-0.09163752333783963	-0.14215021485352	-0.2087264923789992	-0.16504141393507396	0.05848046775169717	0.1883782136994966	0.07490771938560226	0.11284628693009989	0.22512459230164386	0.3403490647251765	0.09663594392430035	0.004894996272755227	-0.13810460722140172	-0.2569583718241928	-0.1934995610435852	-0.1579730374743306	-0.04371036876474526	-0.06195582381654263	-0.04933248952867293	0.026687510427147048	0.02010318011327005	-0.003006485006077736	-0.07433348898109056	0.10971328410164256	0.20452191403897643	0.12705409239510504	0.17501361050492037	0.21825709420124859	0.17470297847847377	0.13442577182609258	0.1307312301350694	0.13060204775325057	0.16427791223166324	0.10580793526973202	0.10929736678483706	0.06971882228805944	0.019365192512362583	-0.0012997874654489124	-0.02451472420078714	-0.032352468968562344	0.03263754839240403	0.023300357183099123	0.13925419255845412	0.2003173984717658	0.2456714088665299	0.13137495052001785	0.012080672263928711	-0.05784245588139249	-0.022603474390004475	-0.14344122059509462	-0.09368041686684009	-0.11914107797691793	-0.09451963580700919	-0.12613879338898415	-0.031444237596627005	-0.09475149470237053	-0.06984156096125081	-0.05972022555192295	-0.18942478029701632	-0.12235584681769714	-0.06263611948873804	-0.04429496810936944	-0.07425899271494725	-0.09164705133968164	-0.050420990812751185	-0.02966410076259433	-0.012663287555920444	-0.028920729109413262	-0.056704856771373095	-0.03890297959885208	-0.024885660103755584	-0.0464130842998719	0.04743122686342003	0.032719858170859	0.03650535906260823	0.27430144172874593	0.32544964854935565	0.2909076479598547	0.13634358375097638	0.18839365928862234	0.34147782494951173	0.3563805894722857	0.3509917774800251	0.3979776176561367	0.7466554364491865	1.0	0.6067648978482055	0.41115713565177153	0.39664127623984674	0.27791970293322416	0.11177191975071435	0.12523976633385897	0.12010510297156958	0.06782594800542611	0.04919913952283255	0.030412065326639724	0.01945710492671047	-0.0352734278644691	-0.12674949616023598	-0.10000026560506688	-0.019966855263598718	-0.09099376501942706	-0.14923034623580386	-0.20901484706701692	-0.08221436219801385	-0.17664065380918767	-0.2614911538344562	-0.324574239211481	-0.29449201980802747	-0.3390408812083504	-0.09806033688677414	-0.21220533079939083	-0.38040164269201965	-0.2254654203460517	-0.20989501253206416	-0.1903082590491278	-0.16076887631012224	-0.24258832761926846
ILE98	0.1726998503893351	0.1391506800323746	0.02450304443441897	-0.13058778270494795	-0.26697473422136203	-0.28050662648175095	-0.2901002132494099	-0.18288892642635535	-0.16803553431337312	-0.15472179546563997	-0.1694915205246823	-0.14463819313926043	-0.17250381875548174	-0.18634907086485716	-0.18631406880279142	-0.049583573317171274	-0.06243214007656472	-0.15075602231093344	-0.057333957506197304	0.05140016237681697	0.2304402869802093	0.018029524974091462	-0.010652614539449351	-0.17699275387776844	-0.22256515210915412	-0.17751569965373767	-0.11741734358782414	-0.02824540898645083	-0.04140030065437801	-0.08813183636164441	-0.023370729849099655	-0.020445172962972415	-0.04112139687784787	-0.04864354147221732	0.054940848296280244	0.11792192688858286	0.06312709867986002	0.07350761856056737	0.14349879877918773	0.08668048817007733	0.13219288366276713	0.12193641769389543	0.06807063956079079	0.01240157631792598	-0.029954513595435748	-0.030941447295161236	-0.08147583058464736	-0.14463155308043502	-0.1897948706007294	-0.18907514268308925	-0.17075085692913278	-0.06614995377788375	0.04171086627862814	0.18289217715403816	0.16676683241975493	0.18976899071386216	0.09592192900779054	0.038284113277146925	-0.046428753294153295	-0.2186719082897798	-0.26344021097307707	-0.1056072773872528	-0.0941054313528566	-0.11500832483568077	-0.18442988121228723	-0.15921360926143435	-0.22271999809967533	-0.25311641729589235	-0.301196282538968	-0.3434006957335352	-0.25473958545546066	-0.19985936407132102	-0.05643375287051552	-0.04864022715725004	-0.0217001964177122	0.01525070988396577	0.0634521929477996	0.05937708723585381	-0.010100107833750432	0.012007281754837913	0.021257838080285404	0.08778531060289115	0.12827962436722923	0.1713494418332862	0.1960298199997941	0.19021055235164422	0.2077811035429984	0.3351148821006087	0.3088020568224551	0.17765525811183938	0.24090204888973643	0.31047034400024054	0.27908005755919296	0.32813857594819995	0.4693129415114622	0.38051855059287965	0.6067648978482055	1.0	0.748890870370788	0.5597178397472495	0.46355708115290134	0.21204566251023949	0.263263850121608	0.2636758665352483	0.20667188363505792	0.21413458873205385	0.18481483797041173	0.1990769113791853	0.07571653795741962	-0.03913954239951297	-0.041909402198780574	0.05625284097100397	-0.07726859369550318	-0.13733039752872178	-0.1942191019232621	-0.056342684082821004	-0.05683871029557941	-0.13630999163770052	-0.06298250361398114	-0.14407586379748302	-0.14577758660013207	-0.12043693673668886	-0.08083633435258679	-0.09514874988315852	-0.002716242531635107	-0.07721624443722165	-0.15929381857991284	-0.2217867728396719	-0.11501900774131744
VAL99	0.14601098478125285	0.10289806012889019	0.01603878678064617	-0.188329145463452	-0.289170500719067	-0.32378271987020507	-0.2369036225573174	-0.12010370572047638	-0.20336358646467403	-0.14652129359638613	-0.13809020895078075	-0.12232880355816327	-0.13850548236310678	-0.1492629496112363	-0.1108016291529241	0.010493723775834539	-0.024491956674713097	-0.11787546116395041	-0.02052417993726226	0.09781331120198435	0.3025968026965094	0.12214130400471851	0.09971554709824505	-0.04922546676428721	-0.10018819862602438	-0.010183490915813038	0.05970554237765745	0.1437580556904703	0.0989197415897992	0.017398578326522945	0.10031186879254546	0.04864487566451182	0.01362911318801562	-0.01364984662270065	-0.0295744283236931	0.006812677418561284	-0.038090437661109505	0.009746330758105892	0.10452742545590674	0.01040602150195125	0.06939258350993141	0.04959849552480498	0.0681280032074343	-0.017352680274006087	0.02053868403424507	0.0143309767288071	-0.04561631930630617	-0.0729095169277978	-0.0851132962763017	-0.09371702317876812	-0.159443371094394	-0.18503146888931377	-0.11616721591215222	0.047911102378027794	0.08141681197957135	0.08005943227217112	-0.02803229490870526	-0.14377959950208624	-0.18729466827778526	-0.3113827883062699	-0.360101514631135	-0.2777402707102724	-0.2543313963167156	-0.2186728029623402	-0.25254170993861946	-0.19263114857050193	-0.24217548344368237	-0.2590525558673151	-0.296809509924461	-0.34522279286275503	-0.19886399138197292	-0.22294374149902896	-0.21683805963520847	-0.2243566928964206	-0.19540231124288682	-0.1810760828546035	-0.09397986270515954	-0.0725331704161007	-0.0611945468575058	-0.10953056547598175	-0.08883661182417049	-0.008033685088403136	0.004690039163373242	0.10559092801360287	0.10492024718645354	0.13607301006893435	0.14445894162100334	0.24276018648285727	0.20898791397357894	0.06116006999174547	0.17540008715046007	0.2886704852728086	0.15382415540155106	0.11643614254808615	0.4318044529505908	0.3742846706556814	0.41115713565177153	0.748890870370788	1.0	0.7657302619551875	0.47791895745646185	0.33498725034443405	0.37565812889467043	0.4367629519745107	0.33577610160785165	0.31791312550758777	0.18398795827773368	0.2731200034085477	0.14985071216952447	-0.0003561690390543457	0.09502280675394392	0.1941925850802846	-0.001274506627836177	-0.06564329636368893	-0.09221480072163792	0.0926842395514231	0.1349006471087487	0.025804252336036494	0.023039054296819288	-0.062480558929471866	-0.09958618785085209	-0.18228423074979924	0.016825665407933194	-0.05016612578158863	-0.10196081184581851	-0.1686369946035507	-0.26204476706820823	-0.28921951602866786	-0.14145323469914614
SER100	0.16135861018273093	0.12866279188518923	0.06897164420586858	-0.1529367590451743	-0.23168254435419944	-0.24972979910533616	-0.15267207355456214	-0.07357553270516379	-0.169457636886658	-0.04902060640773408	-0.0016760521693110278	-0.04312163181744628	-0.06722293969822485	-0.07120511342714395	-0.09089766238816956	-0.003033163933785852	0.02542886858915521	-0.029393978941425283	0.07356001239696047	0.16679301752606213	0.37915379856269527	0.21641480983590666	0.12313672990301469	0.010527567622611853	-0.01948939454666493	0.00033193697158700715	0.06797432724489323	0.17862078480184274	0.14557023205658504	0.054026647847515714	0.16477217151293266	0.10182514368569691	-0.022566528604174366	-0.04049833848107719	-0.019733037549725062	-0.00729095931183511	-0.05981968188899489	0.022147806338339376	0.12386849885763927	-0.04632642942257472	0.04056417739796408	0.06542708274003652	0.07411439218131866	-0.012663365489999145	0.015596218846856769	0.054832397260859395	-0.0077476291571927265	-0.056661149698225416	-0.05798708053459434	-0.04198532648850496	-0.11848886292136315	-0.1537684566885103	-0.1924499036231342	-0.039141811585948594	0.024356557886885795	-0.011994277568366641	-0.10444639117398882	-0.2404948857266316	-0.2316458761755579	-0.3474085313036133	-0.39341135932880267	-0.3777415949107048	-0.37199667810752135	-0.31779328524579636	-0.28039181890889564	-0.19121999119887986	-0.25853275916102814	-0.22176264299435763	-0.2751849785709768	-0.3463681414003894	-0.13801092963232037	-0.264482610798668	-0.2936697594053337	-0.3520106627883856	-0.36099049867109384	-0.37852834622549236	-0.3305244494158104	-0.2716139798641278	-0.16560060962869522	-0.18587230601121463	-0.17979725711159028	-0.10141304601569458	-0.05735650765512779	0.07135403800704603	0.02319411793286252	0.07237860642750088	0.09425308414570563	0.18797226215665588	0.1229766449849686	-0.06445475928494689	0.07166508595249103	0.20819450842500095	-0.014924030906134013	-0.07233079866633647	0.22788328424282764	0.2544142179929777	0.39664127623984674	0.5597178397472495	0.7657302619551875	1.0	0.6684216133266304	0.49385618620005567	0.422589967732375	0.42287645995457424	0.3361037513797156	0.3162393277510834	0.1915702248334061	0.2480608900285474	0.14951198819147496	-0.000640247201498852	0.11302491411475149	0.21554937815022218	0.00016573375192523146	-0.04125102608686671	-0.09478785375918859	0.14372433351752456	0.14212315621312321	0.06004411493858752	0.05220416845357718	-0.030169445515110107	-0.07812950082595461	-0.18393655474263024	0.06208954634751545	0.01878483083292086	-0.06543752389496214	-0.12456607665955687	-0.21475006279719916	-0.22209477709793823	-0.105165722840698
ASP101	0.24276852977866284	0.22392622222091754	0.14798631012679264	-0.06299478966767331	-0.14373022571628463	-0.12435936479224417	-0.045374575973383825	0.031349623416705386	-0.03208514830921035	0.09475383834407532	0.09783599934057276	-0.030766380288696608	-0.007092587399702382	-0.056757153206302806	-0.26776060711473193	-0.19631794763968433	-0.14179427056350413	-0.1409651894433563	0.036312068583301355	0.03263643276285721	0.18919592716467432	0.11469559565689863	0.0562803189693584	-0.05979484774108056	-0.030213273993478177	0.03250510717766942	0.03957945732465747	0.1442890255184845	0.03525222768703744	-0.05588115257365353	0.06144355715416485	0.049708541697565195	-0.04001060275976554	0.05176100944831413	0.10122779657625625	0.0996593476429524	-0.044114324155262286	0.08057453755895154	0.1550396786016788	0.07208711121871539	0.10748339219106663	0.11307928030801774	-0.06256933520351822	-0.20863470567127249	-0.2173243108245397	-0.10329845447939147	-0.1284570125125775	-0.1699218138044197	-0.18230668853375265	-0.19730184152364638	-0.22008419059622839	-0.11077320802826415	-0.13314462052609835	0.08268350233860612	0.11498585918853567	0.09472041828092738	0.04535124406083032	-0.13811939788005367	-0.15996185796459617	-0.2235858909958734	-0.2468137342613026	-0.24072728885355762	-0.18228190015368426	-0.14536878468735717	-0.17906364539410458	-0.14974289241308258	-0.24134093519707375	-0.2055614310695028	-0.2273602958290936	-0.27741628509543503	-0.1851655631873536	-0.2207535717652651	-0.18389894270142862	-0.21864503370773095	-0.23381549186585796	-0.21962228170552447	-0.19470096459345893	-0.10477009902107014	-0.1241107221119626	-0.0780127220305711	-0.10375946539221095	-0.10855436457618842	0.0029633662859880365	0.09124620446386068	0.03780893779415741	0.1305835314207566	0.10132163165738671	0.1564436048308988	0.03817603986994593	-0.13009081242940412	0.045743951210859286	0.11162738738867796	-0.04844235516731443	-0.1053314637829608	0.08804062205618586	0.09181612094744558	0.27791970293322416	0.46355708115290134	0.47791895745646185	0.6684216133266304	1.0	0.6050687618060357	0.41473151906696676	0.33581473581083143	0.24092221361955796	0.2856938610499095	0.20895110467531036	0.20435723648448517	0.067519434029411	-0.09329233701487666	-0.05813741631940096	0.06302632179870571	-0.12143653097755013	-0.1878994554390422	-0.20421177276869149	0.029458390692366946	0.02778959430789736	-0.07434798923076182	-0.04518005837788703	-0.09356265118285774	-0.13680560136971773	-0.23273279687266402	-0.011936303453776933	0.08069227948452383	0.05979119170211982	0.032096243940685554	-0.017889392258581046	0.04730196967109565	0.16119208124468531
GLY102	0.11081548428506227	0.09951511942015026	0.17847152701615812	-0.005454050391110002	-0.011108573006642182	0.0289506784688125	0.11270809614909881	0.13613864130957434	0.049230949523801304	0.2339420535554366	0.2962474457759175	0.13240201295768514	0.08832376502465507	0.1007794883825325	-0.048198276916590614	-0.08059767322225513	-0.07537735919171526	-0.10797774615269028	-0.07139232162504813	-0.031021347216985854	0.06407046645279756	0.0030244255633533846	-0.017954224727066335	-0.04854059551954856	0.03445858304681051	0.04043741714185306	0.09095266938760292	0.144837939522994	-0.008983102477258972	-0.08908934510787274	0.06636700597435323	0.031699144665373824	-0.06854288773794735	0.08189299178808641	0.06494894121729186	0.023810484471804966	-0.07351734070844552	0.07729230693452648	0.10553357062436211	-0.05976547552759038	0.013065657266510244	0.011107217299943985	-0.113429542322992	-0.2504141977089708	-0.23634887593380174	-0.16665908421864514	-0.12940470787671052	-0.1555048279288606	-0.18938704425718472	-0.23715704722825512	-0.24390035185946554	-0.18917188315957156	-0.21494821900864577	-0.061537881825982514	-0.05445183881580616	-0.06404618105458945	-0.08908545066898033	-0.2473964528980121	-0.2296565656509058	-0.3036649601472157	-0.25600569590210503	-0.351073809084741	-0.27608858264609265	-0.2523058324812059	-0.23264137585340372	-0.1431754559145867	-0.1740175058916779	-0.13354856791983652	-0.22744229493601137	-0.26599921941163346	-0.1818198781170263	-0.28142315568857823	-0.3093733071409361	-0.2912935834694513	-0.3241266122557762	-0.32242584038970135	-0.3425858789806955	-0.22459561474765946	-0.17631858713932574	-0.1098997822300084	-0.13092117538603654	-0.15219964091685165	0.006665418585528683	0.129685060029207	0.059445851495078736	0.11688896760782448	0.052962147957311065	0.09464504629464567	-0.07557371971809058	-0.28917669264352835	-0.05184301605261398	-0.04793076799082885	-0.23744591182979158	-0.23482688351742761	-0.013772718531800923	0.003429933297865723	0.11177191975071435	0.21204566251023949	0.33498725034443405	0.49385618620005567	0.6050687618060357	1.0	0.6280510716957841	0.511882936062109	0.39036787724291294	0.4112937386346684	0.20797738212361827	0.15907646099239825	0.06187700903496655	-0.13462169769793603	-0.0011477947303794103	0.19079122774429097	-0.08343259997848436	-0.17114241946917333	-0.1356439552313919	0.04278515166550375	0.06472953091270156	-0.04183673756618833	0.0595974397220753	0.1060119667702806	0.05074560325778725	-0.04344253754169027	0.16609244560834957	0.27869853137981687	0.17085541628155193	-0.00901416015657723	0.045352228125319485	0.0821753048706525	0.22219154839026106
ASN103	0.09536208463355961	0.027446539154264843	0.06741757631551457	0.0009631963925115227	-0.04341183014224361	-0.06465086804867941	-0.0412007307941145	-0.071499801890772	-0.13017558507126148	0.009663923770074192	0.11002524591970163	0.03150409323552461	-0.006707154607382231	-8.492338028157168e-05	-0.040693032082581654	-0.01635345660730722	-0.06417412056988389	-0.15479079090869455	-0.16734014409920994	-0.06933005649350647	0.04618039414323137	-0.039741360464931236	0.028542752174214533	-0.06672481296520806	-0.06727307511316793	-0.028527295563612567	0.048611373705559555	0.09555760351432506	0.011961156586639262	-0.08088741225026484	0.05277097579431575	-0.011317728240782416	-0.10881168830231906	-0.03155417115290551	-0.02497611976551128	-0.06646939846373226	-0.14098898405301494	-0.05790400186094709	-0.013119253930367987	-0.0677818850649077	-0.03907569068046791	-0.025628077979079185	-0.12545005949494556	-0.21542999005748528	-0.2635792541217385	-0.2123529645561491	-0.18473869034930523	-0.15192502502803598	-0.1797663600133406	-0.2059322540903643	-0.28236351661846276	-0.2515485635507441	-0.25559061857567783	-0.10293175543199928	-0.1261766219726903	-0.04705726307537059	-0.10731914313534448	-0.20459481280143293	-0.17496303291406717	-0.24895818655548713	-0.18659718056895194	-0.24276786412090018	-0.1763264377251519	-0.17773083808136036	-0.13582703801810445	-0.160423670718464	-0.14483054405166462	-0.16119582206034774	-0.2560705259384682	-0.2833782635247866	-0.1449576189660662	-0.2305181972216036	-0.23062108545146143	-0.20009008917045346	-0.2213250115492748	-0.24043268188221847	-0.21790689786889111	-0.1466016894226855	-0.12020310160202274	-0.13089089153712805	-0.1427127821151792	-0.14353367959578658	-0.020023467464754162	0.03547007729104186	0.14451267253072278	0.20954777851006973	0.12024304057527459	0.12861496039544262	-0.0035157867347679933	-0.20295255091765185	-0.07113995361739478	-0.054714610035994475	-0.104361124472597	-0.12895918285754013	0.009887596155587926	0.0002526624193868193	0.12523976633385897	0.263263850121608	0.37565812889467043	0.422589967732375	0.41473151906696676	0.6280510716957841	1.0	0.7058460290798165	0.5298214265073288	0.5496855538703569	0.3256737225151938	0.22378206272858187	0.14351400896223473	-0.04950394426612633	0.08412753309646005	0.25507582051697514	-0.01943938106738313	-0.11478352919703098	-0.03235706332055689	0.1652834997270351	0.11041135846775976	0.029061412477260722	0.14026890761844496	0.21098478307040852	0.15342395183653268	0.11706102654158602	0.2610061525094091	0.2900769156544441	0.22410584842298464	0.029658212212429022	-0.03537760481772831	-0.08634652810723054	0.08898784923769586
GLY104	0.05742724896529626	-0.05953517313140671	0.016194559705836612	0.0018114294789326882	-0.05887257142460077	-0.03694964595291013	0.006589145215157628	0.020344075680707587	-0.039893933607464356	0.055834728710884275	0.11882731261396977	0.03321734688140471	0.007630685751008281	-0.005872029309176492	0.0068144694881855025	0.007319396994690663	-0.004879848820057682	-0.05848603617156993	-0.0617542527248986	0.01753645057311543	0.08363940712307029	0.031475878848159	0.1005630619238375	-0.025610507592720284	-0.050264229979359365	-0.0077310039614266034	0.12614985708444723	0.171057140613113	0.044514864199404404	-0.01300589670143449	0.09850204382931808	0.024590168006233943	-0.05469313408431218	-0.054922818094641807	-0.055400783300782054	-0.07476585221303278	-0.1229207225835271	-0.06830776510059025	-0.042312678796277085	-0.038638627994930654	-3.6019246402790535e-06	0.0030974467638824775	-0.04587256960741935	-0.1027202287119094	-0.09806638900017435	-0.08168420434596652	-0.08858877103307909	-0.09987397400576598	-0.11106832061768757	-0.16678634609286866	-0.21383179272499295	-0.19821241234955925	-0.1709219146207691	-0.08104200535092568	-0.05359564225868804	-0.05378621391132621	-0.11637580292130684	-0.22895826187004986	-0.2074887906337931	-0.30099423525948565	-0.24087398118869055	-0.26604891319594665	-0.1915157599094019	-0.19717128279620746	-0.17004986301725178	-0.12655466399359114	-0.1690067490895353	-0.2244174001317611	-0.3166340924778027	-0.3425223962903088	-0.14323977364740198	-0.07238257208442382	-0.15926478758085108	-0.20141796304087312	-0.24470115756410887	-0.21154836518784081	-0.1888415742836106	-0.13487195418975972	-0.0749385936450209	-0.11065677203076303	-0.1421084620780977	-0.16065892089963868	-0.02453793873577993	0.05131417119994494	0.026094977523823996	0.023306656998085595	0.009172107579958132	0.04847726633943601	-0.009957963546514677	-0.17179380929107527	-0.046605194693757394	-0.04844044322146756	-0.09881215225946992	-0.1192776275334218	0.019059739015408732	0.05309064762750462	0.12010510297156958	0.2636758665352483	0.4367629519745107	0.42287645995457424	0.33581473581083143	0.511882936062109	0.7058460290798165	1.0	0.7127266474306712	0.5223040281646131	0.2870411910856869	0.22780741135577423	0.11187295180464323	-0.031635064177396165	0.15138278691907922	0.26537132189709156	-0.02319697962001352	-0.060370037581581194	0.0019710142010292645	0.16191544972805524	0.09474617618927696	0.03294576651242201	0.058876090068166895	0.05804242840502838	0.05028378651311046	-0.026967463348314093	0.1312389752049489	0.14684131719498375	0.06693686301176434	-0.06088065133798877	-0.08969149036523923	-0.07502046485096348	-0.04286954630026167
MET105	0.09694484160550565	-0.01794419445883103	0.006869288206919291	-0.018097977811354134	-0.05960150974348121	-0.0395276506257393	-0.02554569044201214	0.055458689629755635	-0.0059041704026998355	-0.010303531173239984	0.049434964796306755	0.00612253869664091	-0.03495550955983871	-0.037224673275633696	-0.0364236038876871	-0.03607581614142629	-0.03277156577525024	-0.0030067238990573526	0.01865960148330832	0.040229652480043517	0.08838064466297513	0.11345119825652829	0.23862546639061763	0.0968068403013206	0.06499851103679999	0.009886830945025205	0.20713047100206156	0.2160982470146358	0.10805835697846954	0.04854349825288507	0.12800573927476852	0.05355528400276882	0.04651157346837805	-0.0006238640326408138	-0.010755514754897316	-0.08728602178647936	-0.04904306024844281	-0.07332195808447746	-0.03127147181729468	0.03681879610595644	0.0626597967840147	0.036379631090855735	-0.03358818603843828	-0.09494327297086655	-0.11607463011698269	-0.1585886391503965	-0.18159397091616403	-0.21077563730714227	-0.20652105264242457	-0.28219506945830886	-0.3015120842844752	-0.27406320485122593	-0.1619211730750402	-0.014543877296653459	-0.00019492008507476528	-0.01955517684886866	-0.17659073342619408	-0.2603050597688159	-0.2590801736560111	-0.3941842543448104	-0.32839415238743175	-0.27545237179191356	-0.21852003058359593	-0.23350154728711053	-0.1806608891473028	-0.1882875847719353	-0.2510757611232047	-0.292668821245912	-0.40062813556948645	-0.38066344797587776	-0.16925147449327624	-0.09778968808982545	-0.09193140257753808	-0.15075834917774902	-0.22510149407364463	-0.2484813363116019	-0.18155696833943333	-0.10540253919658009	-0.11526078468762191	-0.17232236045191887	-0.18135008885995402	-0.1489533194216643	-0.053498376228090526	-0.004110913330473964	0.014634244175834279	-0.017111130495630587	0.07425964671805703	0.09982224192947893	0.07875963970769234	-0.09751291855120874	0.006664986074429039	-0.012740306517910402	-0.06013687684729439	-0.1348196555422848	0.005886867063024253	-0.017353799613653048	0.06782594800542611	0.20667188363505792	0.33577610160785165	0.3361037513797156	0.24092221361955796	0.39036787724291294	0.5298214265073288	0.7127266474306712	1.0	0.7438571071183556	0.4956887709270533	0.416522979787887	0.3064960124001438	0.21742011495993577	0.3050310502977405	0.37424078038068564	0.12441462467026612	0.08526672506265479	0.09590016380838925	0.2136930738647689	0.09025383481974068	0.09415943714351334	0.14841900067918642	0.036004847233032496	0.023405756832404943	-0.17076221791205407	0.07145204734331669	0.10586917116939629	0.026220601841867783	-0.03691758430376663	-0.10058301803104402	-0.08740038331117465	-0.13552929221936477
ASN106	0.11607876045076952	0.04686402954286718	0.020695199881849088	-0.03677888902685777	-0.09329969106037599	-0.008007987234139728	-0.03187938043754448	0.004753258093457411	-0.042771813072643654	-0.033103089678376114	0.005170988373696032	-0.029354126375533106	-0.035767680866024554	-0.04813399556714434	-0.11021452974821236	-0.08862636064708145	-0.09502130843790048	-0.11893953086854249	-0.1139376316985747	-0.06100645098221956	0.009952871435748622	0.0013426406110128859	0.07323202191661066	0.0052510645022689085	-0.01043117011746485	0.005754747950051584	0.15040711086904673	0.16503167772496474	0.0664051764090909	-0.024479103580532097	0.09324102019928147	-0.022877426442051253	-0.03340686399826304	0.09337298401109531	0.02833180699413564	-0.07445591806034851	-0.06046994874217356	-0.06844739776212172	-0.03915775476007647	-0.008128525064083838	0.06064266619936621	0.04175128454824153	-0.09467435722569024	-0.21400302082187275	-0.24212999714384795	-0.2664328364171684	-0.2586892972209287	-0.2605284771802337	-0.22815857244728088	-0.29605594338161173	-0.334557066073299	-0.30635287905704495	-0.21061240090464584	-0.02613580077083955	-0.033980641250856446	-0.03799947517213863	-0.14454299168991186	-0.24859437659083744	-0.26324229673363186	-0.3539766668994707	-0.30675602234070376	-0.2637162300562765	-0.21277777319554372	-0.23492753044550072	-0.17524612437053344	-0.21469620223666472	-0.2515683031485903	-0.25285245593117334	-0.34741897379478553	-0.3611466327039903	-0.23555290496437042	-0.2137497469054456	-0.12905436343670032	-0.12987474669183446	-0.18798377830254093	-0.19644670744121334	-0.13968185802318556	-0.09283057865803894	-0.12135727369936496	-0.1574933488628617	-0.1618492771583273	-0.10253032537525912	-0.03212815771641767	-0.04372446686474148	0.03927900212934304	0.08047358004368806	0.11478329924241293	0.177412801166742	0.09569900129952273	-0.08423578725435282	0.03893044263343597	0.03258618747778817	-0.07075626269134888	-0.1275313319169533	0.005502079423789906	-0.0018015277770243	0.04919913952283255	0.21413458873205385	0.31791312550758777	0.3162393277510834	0.2856938610499095	0.4112937386346684	0.5496855538703569	0.5223040281646131	0.7438571071183556	1.0	0.7314849195379569	0.5602053334652353	0.46305032992462136	0.2611520457251476	0.26964131576228273	0.4112876508070192	0.18224000345806587	0.020490764563990436	0.013974709721745433	0.16576931769455377	0.11856659587852228	0.08556509171784972	0.1351433857969061	0.046803776527882826	0.058493582275311075	-0.13377337995440128	0.13461894816355394	0.23038372500353915	0.1360625926484084	0.036690203286680434	0.01997811705928194	0.022212368005842392	0.0595396524363357
ALA107	0.13193414465088527	0.10808053935424784	0.06580079816609477	0.035844237535199074	-0.04150418739399755	0.02981459028854778	-0.014012577523535007	-0.01862061725778704	-0.049817173988086536	-0.0855556202577366	-0.07335577539427438	-0.08980310076209047	-0.07441950488389136	-0.09960879802191461	-0.18845743354007852	-0.1618609581005612	-0.14099907891104332	-0.1123699620368533	-0.1020674794869309	-0.09545833949976198	-0.07531570438341519	-0.005811359454837206	0.0652065443525294	0.031158945474438277	-0.023303176704680583	-0.024516611214384063	0.06603233657717178	0.06439573326074931	0.012815146582644361	0.0075354153922560126	0.06342289222338234	-0.0563366905177147	-0.031270096694906574	0.1131609519270654	0.03132329060404682	-0.07451848403935914	-0.031985285230321306	-0.020543239219195132	-0.06453134883067765	-0.020251831629537385	0.0697417690883197	0.03610427101666222	-0.12602127644896477	-0.2354275991325271	-0.25583913207591114	-0.28858652476662766	-0.2667182753238673	-0.26587715648375443	-0.20880815997404076	-0.25981864898107293	-0.2652295994825111	-0.27981611226910086	-0.15590786290436853	0.023421091520582738	-0.0016979604512596621	-0.012909029106305862	-0.09958910331142837	-0.11945290711266071	-0.18001761607487818	-0.21552447536339103	-0.2008439814508868	-0.08719979394332482	-0.036224711302520335	-0.05612810875902885	-0.05065728915075771	-0.12401384163666844	-0.18682492965533992	-0.1747810550809316	-0.2444357940932725	-0.3019409398309131	-0.26921601536289885	-0.2185235387533819	-0.034109527581407104	-0.03121554433725356	-0.040113790362313315	-0.013280236037366541	-0.05091454614623298	0.008461150632061772	-0.06010204239058136	-0.062275123225530686	-0.14415462532389875	-0.09747136130686639	-0.05082899367237778	-0.09356510372035809	-0.011530310092098997	0.04919215816880119	0.05768831618473138	0.10759345315612903	0.08910859603436515	-0.00605481993280543	0.041824703879760936	0.04061629995571126	-0.00926380105508205	-0.02784593054893041	0.0643986200524036	-0.0019144172689139866	0.030412065326639724	0.18481483797041173	0.18398795827773368	0.1915702248334061	0.20895110467531036	0.20797738212361827	0.3256737225151938	0.2870411910856869	0.4956887709270533	0.7314849195379569	1.0	0.7205921148371557	0.5659999185386083	0.37259132087206887	0.27948361647448744	0.32798233573090446	0.1909207729059948	0.02661807181182971	0.015017511452744787	0.07187969865179665	0.10707238628557847	0.07122013850458009	0.1053482716860677	-0.010522292622502644	0.0249104636497216	-0.15246169080909897	0.06484242389222025	0.13868506660655494	0.08367768614803402	0.028684822544114717	0.014660780635213628	0.01944826606368847	0.04581630705849328
TRP108	0.10244391620527368	0.07017912582561218	-0.019873303328790563	-0.13084598722659288	-0.15243848530252851	-0.1203855172347493	-0.12836173611248808	-0.07830464886651659	-0.13435865692407045	-0.1893942512683407	-0.1807094838855855	-0.19000334833363555	-0.2043093787398162	-0.16523411194793886	-0.1885738572098551	-0.15963432151703674	-0.18738766525577608	-0.1392479046599098	-0.06711043914549165	-0.020232927740221392	0.05059179442406396	0.097536978077945	0.09686164803372517	0.04456715906510904	-0.005560035156214898	0.03425040253374829	0.10648782184956561	0.11072346248127746	0.056306486699156444	0.12251848549747156	0.16342871377564022	0.07410447369579869	0.09308074221558744	0.19782049673686158	0.043834551363488246	-0.056005282007099595	-0.06482907359343701	-0.013905305201579845	-0.015154100902550389	-0.013432454485408626	0.07621346498938668	0.039752978115416206	-0.0622621432843556	-0.1866599959322753	-0.17615730686642536	-0.23101715238338238	-0.23239530418077814	-0.20186957903852132	-0.1473674595889153	-0.17289620775550826	-0.24200280424939957	-0.28901503756098174	-0.10508034127049898	0.04951058744637507	0.05664475150193144	-0.0011256204646840995	-0.10603052436979407	-0.13265818105697946	-0.20415678509274515	-0.2705647986511635	-0.2810332238429297	-0.1490588949760635	-0.15380260368067247	-0.15788927469775518	-0.1748134148417153	-0.18878227923631777	-0.24340433623704436	-0.26100188369081345	-0.2829484530332333	-0.2858412904528623	-0.18771529505069928	-0.16085738339796532	-0.04631894136167443	-0.10359033273635392	-0.09524158816563282	-0.11370484381716027	-0.1527958730510668	-0.11821970068945081	-0.16052367521779956	-0.15189880580470413	-0.22199340131262357	-0.1695230416626398	-0.07194808651960538	-0.07982227475151037	-0.0003039386117673679	0.056581020667331894	0.0829791960838383	0.20874235352181247	0.1953816506793437	0.05266709085253851	0.08202339979523991	0.14972582102318652	0.013319078004048837	-0.03467922308473887	0.1402684147405294	0.019273645754839076	0.01945710492671047	0.1990769113791853	0.2731200034085477	0.2480608900285474	0.20435723648448517	0.15907646099239825	0.22378206272858187	0.22780741135577423	0.416522979787887	0.5602053334652353	0.7205921148371557	1.0	0.7830619450016024	0.5180136668386474	0.42054628086451296	0.4716740189280929	0.35603286301731535	0.11717270345696276	0.08987625796471543	0.24105697609120336	0.2816099005236891	0.26990376761142754	0.23450970739170066	0.007799987598063645	0.005725065133519317	-0.2872876522066038	0.06530362197964501	0.051871254581098904	-0.10544803027686701	-0.09595594684996851	-0.15402530475566942	-0.10617499425711022	-0.041768533156904715
VAL109	0.023477229423145347	0.01783159995807092	-0.11326628043920142	-0.15960668596513972	-0.1494554633854556	-0.09777425488024727	-0.10451737454913464	-0.10196891465696847	-0.14950471247136535	-0.2623267154131808	-0.22354551899754813	-0.21565836047533188	-0.26705393832295216	-0.20120523374615704	-0.09145791352384817	-0.09071667870361258	-0.13990385609930683	-0.0746204731180914	-0.013710194652974536	0.013044809667600202	0.031434427454282876	0.08954571115462433	0.07207830868107117	0.02939267862233478	-0.08004658995962415	-0.004542689734450816	0.0431597925841707	0.04336490038076079	0.03199875161898403	0.10956328707831132	0.13449409442794252	0.06722222635528588	0.03219372772402026	0.1106124147041718	-0.0558220282837379	-0.15721719287953467	-0.17252324823831808	-0.14914286316234016	-0.16833108959835225	-0.07017234517323134	0.020714898389173	-0.07262917424208526	-0.06728972371463902	-0.10044394430120258	-0.06589384865731437	-0.12006403103654564	-0.1436984294763829	-0.09401079621169069	-0.009502356341839947	-0.02247744866653572	-0.14099538855197055	-0.2703491685071123	-0.15171646082996965	-0.0495926529189643	-0.07589248906782423	-0.09344377791089752	-0.16302395570927505	-0.15266199866346344	-0.1875630279279591	-0.23048238978280833	-0.2591915656426875	-0.09888023265473754	-0.14554524046423303	-0.1629005634213792	-0.08777319798493283	-0.17282914045875059	-0.15767602315618978	-0.18350273025379824	-0.24382994809820732	-0.25450183101589335	-0.16855673796030954	-0.1645710067127487	-0.013729603846461932	-0.06532241707118679	-0.09342906541313477	-0.11738062264878807	-0.137743119294151	-0.136485233481367	-0.1513439596201444	-0.19535167854205523	-0.2321549890051293	-0.15448192690491375	-0.13256419519671478	-0.1581996089934291	-0.05578947653389697	-0.07713924368203091	-0.003942402180760299	0.1237645301517756	0.15428972900411256	0.060850274552533404	0.0008482437232958514	0.09388629547016453	-0.05996776569322212	-0.13898621443903308	-0.003288279484298042	-0.05228033616834124	-0.0352734278644691	0.07571653795741962	0.14985071216952447	0.14951198819147496	0.067519434029411	0.06187700903496655	0.14351400896223473	0.11187295180464323	0.3064960124001438	0.46305032992462136	0.5659999185386083	0.7830619450016024	1.0	0.6934389500820022	0.4452525254223999	0.5357556811956671	0.5435747236585433	0.28022719119267503	0.20927831086151427	0.3311136964889992	0.3391468898695244	0.35346659933263236	0.2900025209356844	0.0591141622459599	0.08993825362351965	-0.1875301976338432	0.11459745536112613	0.052158066822339394	-0.07279212262005866	0.006928292116320973	-0.09012539966188612	-0.032207926056097895	-0.06626379294006023
ALA110	-0.05139892104895425	-0.07030276606832506	-0.12463936245143377	-0.08063728370145701	-0.026813410388817276	-0.009679362179329562	0.028456884362631264	-0.0009289403919745427	-0.012291888658817866	-0.15293517111654797	-0.172389972462026	-0.107690960211111	-0.10321554554381879	-0.09935252717084071	0.010596893445720573	-0.033671379457576305	-0.028850671927725193	0.0676336596867645	0.1200141800290457	0.12364333400179095	0.04887274772179979	0.14455858126550128	0.24065962509975863	0.15497313514201042	0.04961733716908977	0.02826966879040394	0.1187207342650829	0.054649644546132595	0.035146367301134435	0.1887051671907897	0.14411686577725147	0.11049577836348237	0.16125809285418433	0.1420047724895608	0.044909238127275014	-0.1379608571455327	-0.06824638543828615	-0.14886243018546363	-0.1621772514309701	-0.014329869057575242	0.09152093025107737	0.002468430829557828	-0.07459581529541665	-0.028651149531098433	-0.08359220416208007	-0.17903540388619688	-0.22203582882072542	-0.22792709704964054	-0.1613036371201045	-0.1303144466109889	-0.15325412790364745	-0.13534158677896732	-0.009236005026323574	-0.004793961889835457	-0.018475213856467814	-0.07913707603972138	-0.10526263929586165	-0.13410701383067858	-0.13324884975192094	-0.2067433883509714	-0.1774073480708573	-0.03173970025373614	-0.1115902205961187	-0.14496577856336884	-0.04719918306984624	-0.08264589748471934	-0.08256677970534913	-0.09701455231795908	-0.2627421021857756	-0.19462127581169997	-0.058989062038195435	-0.03934103426185958	0.10638214730974781	0.042966426476165796	-0.025345693405226122	-0.06775170106566233	-0.0491875079359984	-0.09392712843438505	-0.09713525751807307	-0.1611403234112493	-0.16037305207950747	-0.09325492177967501	-0.11763053302906386	-0.18477369881209196	-0.01763227953254164	-0.09956895419518451	-0.03337195060886246	-0.017388250804442475	0.07179475182037531	0.02859237270943369	-0.09491040150616971	-0.09830340147730633	-0.11093472045025034	-0.129748094370493	-0.1055453480055886	-0.16190168585781525	-0.12674949616023598	-0.03913954239951297	-0.0003561690390543457	-0.000640247201498852	-0.09329233701487666	-0.13462169769793603	-0.04950394426612633	-0.031635064177396165	0.21742011495993577	0.2611520457251476	0.37259132087206887	0.5180136668386474	0.6934389500820022	1.0	0.7304705783276398	0.47297305555519564	0.6573549947833645	0.5870565292291662	0.4501985426663804	0.32110694539272355	0.16522592574155745	0.250451147814047	0.24501408432820906	-0.037787617614705414	-0.05502597724348715	-0.25710844773486335	-0.05649513532190944	-0.022118637733034168	-0.12012833851012215	-0.054755026988484064	-0.12806714329307398	-0.04697706747409425	-0.21051986736771275
TRP111	-0.08787339423295756	-0.10278469538899446	-0.044565459724780314	-0.04322246514770504	0.02143323817869803	-0.0556680644679401	0.05317468763493802	0.04373272090258115	0.0070804739643455395	-0.06416919292633823	-0.07059754416293172	-0.024044878058300044	-0.009352362767482162	-0.003908705603938759	0.15215410011643593	0.11461998802076521	0.0962395347699147	0.14811440293177114	0.143165110728603	0.15606253188161948	0.0835273562863196	0.16977016831294645	0.26598942434890593	0.15670960988336	0.13133978559521448	0.14849214035116867	0.2679189477629722	0.15490507725091274	0.14299075362501779	0.34556461180404846	0.22146160884981672	0.11378854128355344	0.1857233010812069	0.06360152457707463	-0.032971267749523345	-0.2019738829880655	-0.10097381857825888	-0.16994071906476577	-0.14608938173230648	-0.0973966490580655	0.07037803431731728	0.03189550356833365	-0.014599003534588057	0.027697074975948366	-0.013110397004476665	-0.09630135725910856	-0.14413193509111033	-0.18114028227707124	-0.15816931135940743	-0.10007369057069086	-0.16689034111768605	-0.16162145601273617	-0.04581654720560662	-0.08917012044089676	-0.08249394286610294	-0.10821298183079582	-0.1509911269407081	-0.2018933284000498	-0.1610879780845029	-0.31594566844707117	-0.23222656773963934	-0.1766321787475156	-0.22267569709411195	-0.23388932368074689	-0.13030629565876245	-0.1432879013631978	-0.15424557340079179	-0.17872126828118912	-0.28274404662205616	-0.18699462327254696	-0.027989639552523763	-0.02758528443768788	0.003164320462169792	-0.09062496818878092	-0.146600460241486	-0.19337022360507808	-0.17008093904627394	-0.16971461452937545	-0.1569808347429536	-0.26289585291563017	-0.19790820947005328	-0.12907231473404168	-0.12866672862213002	-0.18403267797497344	-0.020492714494094608	-0.12546907887738748	-0.11080870049837668	-0.12484278533113882	-0.03665540628095847	-0.0665001899643228	-0.13613331850581226	-0.14467217727961929	-0.1751761650263082	-0.1916364986079383	-0.12716040291812616	-0.1454833737608159	-0.10000026560506688	-0.041909402198780574	0.09502280675394392	0.11302491411475149	-0.05813741631940096	-0.0011477947303794103	0.08412753309646005	0.15138278691907922	0.3050310502977405	0.26964131576228273	0.27948361647448744	0.42054628086451296	0.4452525254223999	0.7304705783276398	1.0	0.7041730196304432	0.6148676483435479	0.6032528320768881	0.6149123170724871	0.4163931946096135	0.13622492433224145	0.20710702646194035	0.23451601570607947	0.05672552865620387	-0.011302412600167965	-0.15299276840149414	-0.005745406717124956	-0.062376031912793874	-0.1584191759184531	-0.09760053166735008	-0.2000771011776097	-0.17343743535284906	-0.31866971127288746
ARG112	-0.062457703643889716	-0.07307172366428186	-0.04309652216808923	-0.10022013450765971	-0.11077521284007653	-0.09936233975183222	-0.02630121635134183	-0.012190904195667485	-0.08563625257247727	-0.13472996248236427	-0.06971906260471034	-0.10815499380264681	-0.12830822607507156	-0.07198772359067986	0.06076197300701647	0.04384039067695017	0.010995346138557712	0.0028779692803655747	0.025237714768081128	0.08392887825405777	0.08413912218471215	0.09978420572880313	0.16119012018604445	0.08421447165491473	-0.015796766285277247	0.02662314938960137	0.15446362866374694	0.09495690995966244	0.08338558541937152	0.22521722847635808	0.22123187472043762	0.07897682050862621	0.12406028509493752	0.08264535734522682	-0.06396853173385922	-0.2010806392534543	-0.1661156439383327	-0.11637411748353509	-0.11263034238303422	-0.110118725591915	0.032737797372454996	0.013706540326629171	-0.061318217739656386	-0.04245436161249815	-0.04458266776463697	-0.10204811238226431	-0.13379769136743638	-0.12733264379986933	-0.11463428787538703	-0.09311928445490342	-0.2456819215222741	-0.25938590173396103	-0.12656754567461756	-0.08496345978691382	-0.10164476390703009	-0.07468520907859208	-0.15042469612024817	-0.23734300835525143	-0.22247719881024663	-0.3308918549500075	-0.24211562689604899	-0.19020372507545885	-0.21382950616822521	-0.258212558897477	-0.15542043320697618	-0.1675005406840156	-0.18336473476802947	-0.21974048452036712	-0.258881893124147	-0.2469633001184221	-0.11050234665122642	-0.10052191706292243	-0.06550076019421774	-0.12444553783118195	-0.16135668918228838	-0.23297695662626272	-0.22848510007671124	-0.22804459663632254	-0.20208866710438686	-0.2672271699005706	-0.2365128770335623	-0.19615577285864672	-0.14151788493289333	-0.14804985117963945	-0.061830993846401644	-0.10890681441189959	-0.04945535291264708	0.019971178750539664	0.03264940911919123	-0.053816421690190144	-0.06363163572748552	-0.008151807147140209	-0.1140757422706735	-0.19349798545660538	-0.05419786387940435	-0.0357932616049808	-0.019966855263598718	0.05625284097100397	0.1941925850802846	0.21554937815022218	0.06302632179870571	0.19079122774429097	0.25507582051697514	0.26537132189709156	0.37424078038068564	0.4112876508070192	0.32798233573090446	0.4716740189280929	0.5357556811956671	0.47297305555519564	0.7041730196304432	1.0	0.6999660243490717	0.5049520907131051	0.43619809494755035	0.4742223505689067	0.23150992063538423	0.2512611460462161	0.24657496474144228	0.12428523761412484	0.07791697994554113	-0.05313903068620621	0.06163031793978035	0.008432570327383655	-0.11523273742413447	-0.10476214496376346	-0.15723793951946657	-0.09936684648818161	-0.14878481162472895
ASN113	-0.08665777068544443	-0.04595243607570914	-0.0959819604090473	-0.10158850618562179	-0.07417264822981444	-0.04068003109986184	-0.023261174431193698	-0.06053542308789049	-0.08013949755136543	-0.1734534589434258	-0.16537385228885712	-0.12414212445192026	-0.11930470548937565	-0.10009301012946369	0.05285499819195567	0.0284614994060201	0.035779952035747346	0.07479858807170536	0.09070986963987006	0.1159830921230934	0.05908919912604438	0.11182244207376915	0.21593207188148011	0.17776067106390764	0.06880536821232157	0.058441225466712564	0.16391156544917598	0.10429056706645994	0.052479637763952744	0.20605321830917134	0.22329146434105027	0.11304811069905199	0.17395795160389022	0.2015525702722687	0.07440382388929005	-0.10355873472739127	-0.05721493272560006	-0.12257970660165043	-0.13266559460573493	-0.09469655185768194	0.013247511607034692	-0.07203524831435054	-0.1643799087151412	-0.06895417684432137	-0.10776330060292139	-0.19421586128196655	-0.2566784347673756	-0.22297947925157924	-0.19217116207408952	-0.1456333607221194	-0.1955760734857972	-0.16844803407383285	-0.0667014797229556	-0.06948468196831131	-0.08161400318971083	-0.06032055108255306	-0.08829563643906056	-0.12094482833254329	-0.13185399194436173	-0.17042286981215468	-0.08629502132955122	0.0036993331350945735	-0.06193257420461356	-0.0943124834056601	-0.038460345420268	-0.1106722988118671	-0.0439855988549258	-0.13107703836980525	-0.15663024899858172	-0.11868885403076818	-0.0028977273271850925	-0.0245714670482156	0.1086290055992618	0.04489261656670011	-0.014265562199403321	-0.09420050536702294	-0.09430572532066735	-0.12494961091008787	-0.10821548679649501	-0.20190137159184263	-0.16016676095071333	-0.10350054491701717	-0.1693160618281549	-0.23218309158612704	-0.033059235177543306	-0.09136776840706849	-0.04240795642853499	0.0251135961740064	0.06082613334358574	-0.019825747249121204	-0.10469617058888755	-0.020779955581151366	-0.02157396519224948	-0.1260353772848195	-0.08343149650897909	-0.09899376527369708	-0.09099376501942706	-0.07726859369550318	-0.001274506627836177	0.00016573375192523146	-0.12143653097755013	-0.08343259997848436	-0.01943938106738313	-0.02319697962001352	0.12441462467026612	0.18224000345806587	0.1909207729059948	0.35603286301731535	0.5435747236585433	0.6573549947833645	0.6148676483435479	0.6999660243490717	1.0	0.7491000761464464	0.5007969699170343	0.3813089730197905	0.1519235798519874	0.20026616558682786	0.1924270901163643	0.016553856700715575	-0.056387534145773265	-0.12329971061212991	-0.05594092352207768	-0.0332591763914981	-0.13143680869368715	-0.044602332926816333	-0.07402403427052646	0.0023079749210992394	-0.17320414024765435
ARG114	-0.16516000786613427	-0.12970950160484526	-0.10246695272337072	-0.02876581390341607	0.015594471100028026	0.04734533292116059	0.07589335168986315	-0.036583000474722745	-0.016301582579728947	-0.07726605180135551	-0.10612904023639387	-0.06305737723589439	-0.03762534781046835	-0.013271589329280523	0.2162196475593638	0.14238369871677864	0.10806914864105778	0.1962881522372979	0.20574475184404659	0.2176890082495644	0.11322840859715892	0.1692210481439012	0.2832048745620088	0.19060369614621014	0.15681986894205166	0.11891812036211008	0.22882432165186675	0.08097175919722047	0.11194788988815627	0.29463893039315414	0.1717968798983482	0.07349980752433985	0.17004459002733113	0.030040122217662144	-0.03729010348029668	-0.1845247711924363	-0.0745043103685258	-0.19208266677609911	-0.18643879499562377	-0.11771010252849752	0.02897384419515548	-0.06407847201623867	-0.06838161520520056	0.09594424197310569	0.04288055850779266	-0.03359593218889393	-0.11087912436813983	-0.11844316304733725	-0.11500896683746736	-0.029355357287634838	-0.10596073371039172	-0.07590657409633915	-0.02845312334694176	-0.10248215163696811	-0.12835885960464985	-0.11998942884437519	-0.124435002177068	-0.11052939823442327	-0.08183730670833336	-0.17264238064626825	-0.052190173525354884	-0.015924960881622114	-0.06952450077382132	-0.10382208149167867	-0.03160008651640027	-0.037833433899080976	-0.01676703680993265	-0.03018233967503685	-0.13782967892032666	-0.02234824231344864	0.05696463467374163	0.020593586450778422	0.09175792038820994	0.0021411192359503356	-0.052116948536946206	-0.07401970979723596	-0.08266332823248221	-0.13161159743589382	-0.1166160639456064	-0.21143312651851032	-0.12841466746591887	-0.1016921116147511	-0.17505549153116923	-0.21980619777375893	-0.034940955594749516	-0.1842687800855122	-0.1613408790969158	-0.1797727394010257	-0.08280481311782098	-0.05198761482057318	-0.21575890382173576	-0.185912638840092	-0.09443310758363349	-0.142268845938224	-0.18613431629261037	-0.20180546248279382	-0.14923034623580386	-0.13733039752872178	-0.06564329636368893	-0.04125102608686671	-0.1878994554390422	-0.17114241946917333	-0.11478352919703098	-0.060370037581581194	0.08526672506265479	0.020490764563990436	0.02661807181182971	0.11717270345696276	0.28022719119267503	0.5870565292291662	0.6032528320768881	0.5049520907131051	0.7491000761464464	1.0	0.7264661055347204	0.3750535077798481	0.02420371639662035	0.1599475296120597	0.16406521372936966	-0.025764007551507456	-0.07375233005595451	-0.04053585521307858	-0.10651750422413843	-0.10993235478177925	-0.1048998460722913	0.0068196464145427885	-0.02387996913845368	-0.037846850708208486	-0.3321854086056638
CYS115	-0.18625563130288678	-0.2112238758585196	-0.06857600317949988	0.09253278335473564	0.17146855603437225	0.11716583737991584	0.15417418023268714	0.026321638726550245	-0.0017771735771050525	-0.006912794037571725	-0.02882888709757361	-0.011493005707637994	-0.027585649534035563	0.021245279600187517	0.22990805209565512	0.1289405678177273	0.06062168894107586	0.17092610332409475	0.1506622172870055	0.09696030508141905	-0.028204345696765172	0.07540750339904229	0.15639723153496643	0.11584740246460243	0.1892849418412736	0.3121996087810632	0.3415722757912239	0.1640254095617527	0.25637615981836853	0.4745752698434643	0.236823165991102	0.10128882246031701	0.1396234237810911	-0.017643872141301677	-0.10077978341411951	-0.3178166006506487	-0.22690201808888133	-0.2040996838126007	-0.213958323807848	-0.14002915390457055	-0.04026059480887872	-0.07195310048642624	-0.026909669949561604	0.07295643485954212	0.014109566755430202	-0.025441323898475355	-0.06265098536164425	-0.0726800762131917	-0.10359304464419207	-0.03680861066094706	-0.09645672082186506	-0.08171290766436605	-0.041062514738011736	-0.14021123405323838	-0.18695782737056027	-0.12822802945798917	-0.09990044468180123	-0.07146261174324073	-0.048766568555732304	-0.19761665564492095	-0.014011334952049054	-0.07016388964610376	-0.04315685763218765	-0.06986039680859993	-0.007636083939527347	-0.08828812000859404	-0.024161361600166287	0.027698237067647083	-0.11078669161046609	0.05876637872430487	-0.004498170181769292	-0.02097160303662945	0.041076294184617855	0.006098705773288006	-0.04025872149963898	-0.06342518069235907	-0.07105558068603164	-0.07384024971069487	-0.07159455654566592	-0.2035410743291737	-0.10366329947323066	-0.07314564188014785	-0.15097838875037758	-0.21964442746666038	-0.06276156895597239	-0.1942019393008419	-0.23660182043920513	-0.3066584093471003	-0.22172132049453858	-0.09157031359325088	-0.22082124994011448	-0.2700115966780403	-0.19522296499842065	-0.17899675178807645	-0.21707021439863955	-0.2097167979563834	-0.20901484706701692	-0.1942191019232621	-0.09221480072163792	-0.09478785375918859	-0.20421177276869149	-0.1356439552313919	-0.03235706332055689	0.0019710142010292645	0.09590016380838925	0.013974709721745433	0.015017511452744787	0.08987625796471543	0.20927831086151427	0.4501985426663804	0.6149123170724871	0.43619809494755035	0.5007969699170343	0.7264661055347204	1.0	0.4575165224847908	0.02454746035305718	0.23309577245027366	0.23367180939155885	0.09748705158857651	0.10603009256284524	-0.007879394883472867	-0.009580077515085956	-0.035898164261435855	-0.0762408593811723	-0.007495668057544611	-0.0679846127366552	-0.14322424506445233	-0.30070368517886964
LYS116	0.03056556267019136	-0.026221324896057656	-0.19142009922617712	-0.23427176992962856	-0.14407075273543993	-0.14942717578729445	-0.13969916438858243	-0.12549532493481635	-0.17418632109691648	-0.23278323856216973	-0.15800742064386739	-0.1866345710040325	-0.21310258077697192	-0.12561377367663945	0.04225606680996395	0.04408357198267896	0.022322220579669257	0.05290159013447448	0.15772214338476848	0.17416098359157017	0.09881798249647741	0.1563582149724978	0.2043820673960484	0.1793571492008714	0.015038041139184284	0.07333099866814087	0.16255715118121042	0.09671039116124261	0.1331362966512315	0.23617576469847668	0.1460250776364444	0.1556668252086406	0.15304654376174115	0.05092200929667103	-0.08504514365332257	-0.12610304496229546	-0.10843104003921829	-0.14645743629327004	-0.07992308847797637	-0.06791880966873037	-0.15534082583965245	-0.15906123489154217	-0.07326003165719494	-0.04071123981300915	0.06628107361519671	0.026999984408714317	0.00130781154223223	-0.03649872823130389	0.06595911356428319	0.0192111388816377	-0.22496283508101436	-0.32074178309349877	-0.24744628905313068	-0.1619170192184694	-0.1102822216034584	-0.12333635447932499	-0.21656028699464397	-0.23001210727144747	-0.24027908149713473	-0.28526905963828314	-0.3276613481288288	-0.20063911977341967	-0.25232922592921364	-0.26389964739725774	-0.22617932498176105	-0.1864802388827118	-0.19528010712308458	-0.2772413964191036	-0.26862158719932744	-0.21894308906790533	0.0339217598003719	-0.010748294440472182	-0.05108506811264738	-0.19480366096682927	-0.20728313081170074	-0.26618132650823106	-0.21114180643964187	-0.19345653495518578	-0.1582745713358905	-0.2651052941198039	-0.28307578095673563	-0.17417236339841732	-0.1934479906526711	-0.1500487953578449	-0.05105688866106681	0.003112507154586908	0.01956247912618764	0.03111166995240146	0.10522294665089282	-0.00620329109042779	-0.04298269472570952	0.047280656244280135	-0.05266459499653133	-0.1735514612947546	-0.049051934977868514	-0.08333156693447004	-0.08221436219801385	-0.056342684082821004	0.0926842395514231	0.14372433351752456	0.029458390692366946	0.04278515166550375	0.1652834997270351	0.16191544972805524	0.2136930738647689	0.16576931769455377	0.07187969865179665	0.24105697609120336	0.3311136964889992	0.32110694539272355	0.4163931946096135	0.4742223505689067	0.3813089730197905	0.3750535077798481	0.4575165224847908	1.0	0.6383836317949425	0.5668136528531345	0.32550599266524477	0.20673716427191685	0.11885600786512629	-0.06624368892368016	0.1610425531566824	0.01090093025889134	-0.15606495875085308	-0.06664360579250085	-0.1710331072948974	-0.10155052792740785	-0.1427346181031765
GLY117	0.05062181028473768	0.007005706567486933	-0.1690562534897539	-0.2731051414671733	-0.09475290655360215	-0.07517037356011992	-0.1707006689499273	-0.09819253215250387	-0.19219702246928422	-0.2286182006090989	-0.13249114656265196	-0.19152061822043906	-0.261839781129502	-0.15106546488124012	-0.0951881277110215	-0.08791794947625059	-0.10848492297469127	-0.12201552454023576	-0.028012848597420516	0.017873551575830898	-0.03929630610726137	0.08499812347620476	0.05416903526142625	0.11734526743759993	-0.06545454130992727	-0.029707796199148206	0.01005050816557569	0.027286823072940853	-0.01949869247771956	0.02202205406667576	0.06570506030275809	0.13433775295496098	0.04390841576736453	0.03195134332180484	-0.22313071527529307	-0.20175293994253493	-0.16626860135066598	-0.13259826978584385	-0.10615147409425651	-0.1970635614610682	-0.34161285071890135	-0.2780789001537029	-0.15342338714899154	-0.22199834082088696	0.005752072257538234	-0.038268788617797665	-0.003366803329795498	0.057594108234008755	0.2122190762621038	0.13458700450007652	-0.13591075943153874	-0.442600721453244	-0.35344612156592786	-0.24137626127186823	-0.21065823631651528	-0.28298510723660175	-0.3970151382326796	-0.3147540384691868	-0.35572439386056065	-0.19679307110230798	-0.32405729626216573	-0.15577452422747454	-0.2323225837699261	-0.20252970370665738	-0.16025578065878093	-0.14986309453149424	-0.12951108675890857	-0.2218677020236738	-0.08123546230670041	-0.1846082054815132	0.049097483101815095	-0.016382299941040523	-0.07769579387156766	-0.18549101813704236	-0.15998352563450385	-0.20391608658405752	-0.1391101774586921	-0.1567335486488629	-0.12908400624840133	-0.16894165166253056	-0.2655622107314948	-0.18461728734187588	-0.19175458622942151	-0.18148777639942792	-0.15634953969500387	0.02402846020092611	0.0031032793428643806	0.08605742205506081	0.1477499990561756	0.0612860235263982	0.10242810983588209	0.216492013171954	0.01189295139020116	-0.08489963947659343	0.13518828344307152	-0.04070123821795439	-0.17664065380918767	-0.05683871029557941	0.1349006471087487	0.14212315621312321	0.02778959430789736	0.06472953091270156	0.11041135846775976	0.09474617618927696	0.09025383481974068	0.11856659587852228	0.10707238628557847	0.2816099005236891	0.3391468898695244	0.16522592574155745	0.13622492433224145	0.23150992063538423	0.1519235798519874	0.02420371639662035	0.02454746035305718	0.6383836317949425	1.0	0.7981570978102851	0.4883893833922445	0.401206761169497	0.2809701000396955	-0.019756179513691362	0.4602977917965286	0.27588270505093837	-0.018209305528779595	0.06514356441639996	-0.060642599650885816	-0.01891946934029575	0.11676513736414709
THR118	-0.05566544001964307	-0.1597937471807261	-0.26162762322411437	-0.2102350059340643	-0.03631473708836081	-0.04392454524023465	-0.0787787065003313	-0.10333489722739216	-0.2683814962126377	-0.2601611575334156	-0.15361583699202544	-0.22767559492952588	-0.31224720173403625	-0.18974469126499363	-0.04715394508067506	-0.09090923403590478	-0.1651152347853282	-0.07347181274251427	0.011187858604083063	-0.013385410900638179	-0.08630782366940332	0.0913663116034207	0.05525536598876765	0.1184115829147393	0.04542351561991002	0.08327574900387101	0.12342787702213968	0.10107257781518104	0.11580994076916715	0.1533942611358103	0.11983515422842003	0.141967419540571	0.028633827357853327	-0.04614676673162136	-0.31206398525370316	-0.34863089186451635	-0.32744016503347023	-0.2367126485810615	-0.23579869672724085	-0.2621323183182286	-0.361543575419924	-0.2805900886792232	-0.10919862776950194	-0.12820521952365185	0.08499172233293875	0.02099349977311644	0.05731672059347861	0.15454317258323247	0.31442205855903194	0.26528080651297326	-0.05082851833464953	-0.4053207729971379	-0.3424200674957697	-0.2772989754626095	-0.2817442276337248	-0.29968885909966264	-0.39395387330252263	-0.24785868079359358	-0.29757062231921644	-0.18617765267277084	-0.23227657571495508	-0.13480030206431612	-0.19065745546105664	-0.2035509529579448	-0.11818264107843053	-0.1630004831039649	-0.10471506288981983	-0.20394593923840007	-0.060123155311915186	-0.0896933937831566	0.03993875224280517	-0.06680481492650037	-0.09829863728040257	-0.2072572497304513	-0.16066208287604042	-0.17879592942300057	-0.15136284507472203	-0.19571770471980376	-0.17284805828905472	-0.20005812262986214	-0.2910840952989076	-0.2222209083094251	-0.22042104939579404	-0.2192910895432873	-0.18362142621407743	-0.040127307319565805	-0.05794074643029748	0.004662362812438325	0.06643402702619976	0.09551907903676334	0.04387772103945221	0.16782672617608496	-0.010829225079882283	-0.09585418428947502	0.024867305734975684	-0.1165373321389248	-0.2614911538344562	-0.13630999163770052	0.025804252336036494	0.06004411493858752	-0.07434798923076182	-0.04183673756618833	0.029061412477260722	0.03294576651242201	0.09415943714351334	0.08556509171784972	0.07122013850458009	0.26990376761142754	0.35346659933263236	0.250451147814047	0.20710702646194035	0.2512611460462161	0.20026616558682786	0.1599475296120597	0.23309577245027366	0.5668136528531345	0.7981570978102851	1.0	0.7639666445697171	0.5505026597411108	0.4506471359953963	0.055656755434153486	0.5247656921894219	0.2773052528376724	-0.055566057538815244	0.054442618622965226	-0.11545568177751081	-0.13553447819539266	0.005273478702701223
ASP119	-0.1393718645865841	-0.2575087251441317	-0.22692553658054837	-0.14373201995300633	0.03612366063204191	0.07262965782308597	0.06898993161257086	0.015405546472026722	-0.11873625456285633	-0.07320084715606269	0.012341431239226734	-0.07834835435945667	-0.1499982052644354	-0.04932833592666478	0.07304512911167967	-0.09289883862535132	-0.2108470705183648	-0.12208414075677441	-0.06231338480672097	-0.11820369755864453	-0.1715275774539697	0.009643420229477562	0.019882050912748157	0.0614847698847641	0.09596903397324309	0.10882310867084458	0.10096633017183913	0.005592627500298683	0.0029865911772661226	0.0145165715661125	-0.043853069388936176	-0.02649235844733811	-0.10228521478788997	-0.09395416019574541	-0.2956717193028009	-0.3927866027986813	-0.4017216729059145	-0.3478685848213472	-0.3030676751190216	-0.2584774000584775	-0.23726228458264872	-0.1563014746603959	-0.10830838228689123	-0.14334483893667338	-0.06860048909352703	-0.1524154153617812	-0.15020538958406823	-0.026415397152109044	0.06265741069427111	0.10565291328930473	-0.00556046797645436	-0.2322287505510864	-0.22777257079614616	-0.21255746955736154	-0.33241357068323024	-0.31034317159488156	-0.3162904380644446	-0.15446607081705735	-0.15472413276101366	-0.1685498032917488	-0.12089358184972478	-0.10315394121009024	-0.12406504296544973	-0.16367019063681895	-0.05102044578304091	-0.13343505428511687	-0.033103453992148646	-0.12112399978691979	-0.12028911737809915	-0.11653875411664363	-0.05325435296613006	-0.19830930199314561	-0.17367899755834856	-0.1676163222224414	-0.09128912617248304	-0.13590416198593636	-0.12721619696127262	-0.12746907921584905	-0.12635572543522436	-0.14074631083124825	-0.16653745767404718	-0.13469527078869	-0.09334008772258144	-0.13683932840075805	-0.03676226516496341	0.00788988960738352	-0.13637262797805338	-0.11465097718877795	-0.09612356314141528	0.021137129474043764	-0.03128532421812981	-0.04121877334486715	-0.1385488921540402	-0.13701090716646513	-0.04624151434597603	-0.2915691487071542	-0.324574239211481	-0.06298250361398114	0.023039054296819288	0.05220416845357718	-0.04518005837788703	0.0595974397220753	0.14026890761844496	0.058876090068166895	0.14841900067918642	0.1351433857969061	0.1053482716860677	0.23450970739170066	0.2900025209356844	0.24501408432820906	0.23451601570607947	0.24657496474144228	0.1924270901163643	0.16406521372936966	0.23367180939155885	0.32550599266524477	0.4883893833922445	0.7639666445697171	1.0	0.6901595160826272	0.608990449142916	0.18751349109243284	0.5115414599986705	0.47569262437869997	0.22649379868523772	0.19323981275318206	0.007623450902288195	-0.09907601768010925	0.05141459414529174
VAL120	-0.22177643894525415	-0.2464050847876682	-0.14482060317737913	-0.06768340409656419	0.10898531667865193	0.05890918944019746	0.09207892413260937	-0.01767579744771969	-0.1063845999336563	-0.017137033875203395	0.09298214749150346	-0.016528128501114465	-0.07723132797939301	-0.030688805480344604	0.06354823383822693	-0.05240686880658029	-0.18632881352488176	-0.12007412399953156	-0.1351445161173627	-0.16469502950122722	-0.21180579962965132	-0.05522216826936477	-0.07489395038776875	0.04614955990491587	0.10522187911143373	0.18700175969359437	0.1687747829347448	0.047374464627250604	0.06105608930385848	0.054152084306729964	0.0027853156520928003	0.029340632575273917	-0.09494844510943996	-0.053084114390289754	-0.21181634545427008	-0.3188022771688271	-0.30355658752582515	-0.26150330412137385	-0.28233892864394966	-0.35788729506768696	-0.3450423920905825	-0.21581632627857605	-0.14238639489391341	-0.11681631164301022	-0.01039302306684418	-0.02945569908421668	0.007645620439946777	0.12220650538233066	0.1627555614741788	0.19676537859187954	-0.007880968809513007	-0.2794036921859085	-0.3459414235512831	-0.3292208042784606	-0.40642206228437766	-0.30645165966050875	-0.300075135522488	-0.19961895472111463	-0.18195469718648052	-0.09485506987110674	-0.0347125083040006	-0.1198504542314424	-0.09525171940106919	-0.15800449573069617	-0.03332809065730597	-0.0680308690926498	0.0361060482957163	-0.016599362632441175	0.05666299461764466	-0.023510078587865402	0.010601436124073787	-0.10643737458020455	-0.18740598013951199	-0.1768350211296435	-0.08156212498288998	-0.10893950191653597	-0.13878696855570669	-0.15001449486689597	-0.12606689395955667	-0.15456244125546206	-0.1608487130765549	-0.14636937122025087	-0.12220277569730556	-0.15502091755637631	-0.11151204720932174	-0.0670249207462587	-0.14512825469961402	-0.20128087134436068	-0.20218231377660045	-0.15192047807056652	-0.046582251894292645	-0.043000696909070414	-0.1374254413247678	-0.10606206287025746	-0.028725322839707038	-0.2526800996150579	-0.29449201980802747	-0.14407586379748302	-0.062480558929471866	-0.030169445515110107	-0.09356265118285774	0.1060119667702806	0.21098478307040852	0.05804242840502838	0.036004847233032496	0.046803776527882826	-0.010522292622502644	0.007799987598063645	0.0591141622459599	-0.037787617614705414	0.05672552865620387	0.12428523761412484	0.016553856700715575	-0.025764007551507456	0.09748705158857651	0.20673716427191685	0.401206761169497	0.5505026597411108	0.6901595160826272	1.0	0.8349772811673217	0.47213354683141623	0.6480063157861796	0.5018683403672429	0.19971346454902775	0.10729479861558866	0.0028399550528141145	-0.06553518668153557	0.1177153937075508
GLN121	-0.2954423935287769	-0.32979881208392875	-0.14910747390638274	0.004092238388565848	0.18952127126402496	0.13846413987861117	0.13152443788660606	0.030437534489059313	-0.05174210967606577	-0.01063996650218005	0.12493241505071383	-0.010981270242472519	-0.07924279237130018	-0.018490468493345447	0.10224537669286517	-0.06717395970874626	-0.2517418617149818	-0.19215102835981335	-0.21273979997107456	-0.24814662849798036	-0.2665165519707209	-0.13295607810972482	-0.21561951137571725	-0.0842487160019115	0.020366222623774827	0.09965676676501173	0.07714238221920579	-0.013968654926846654	0.045548912409623284	0.026826522828679217	-0.046593750689851186	-0.07330852629691641	-0.21018344928432103	-0.13808116326287093	-0.24942654232306286	-0.3105237821204414	-0.3433342685216938	-0.3531224883497462	-0.3332181765261651	-0.3498328714559928	-0.3001288378138517	-0.17583750888292576	-0.08976574267895367	-0.060486339604191565	0.033909610705652946	0.0052033079276226375	0.05149002497578949	0.14453995346766196	0.1683926365873624	0.19504356749617288	0.02532254839744698	-0.19336475048661678	-0.24501617746688842	-0.2913032496787864	-0.3875055615301883	-0.30037011981199585	-0.2618032172882977	-0.10710595552025054	-0.10110381548887108	-0.00851240194265087	0.03135230068177056	-0.07859840436824032	-0.024884795429299878	-0.0933442516085489	0.09134783279969592	0.016551501427995722	0.07766543008060199	0.03722450399274459	0.08609594843725986	-0.0024345237907197922	-0.09393664289351168	-0.17008439516031398	-0.19799134231606355	-0.10965758667791989	-0.026078258261415983	-0.04674034763081188	-0.060882609059701255	-0.07577496871125233	-0.04201215212763788	-0.05661628863799644	-0.059154679725621155	-0.03162354866279211	-0.02168120440182665	-0.09025747323556835	-0.11472974635105038	-0.119712422747288	-0.22183519590553577	-0.259726995127644	-0.24657957530149924	-0.09778753579288127	-0.015424483480162697	-0.05627272741396449	-0.15223000855206323	-0.11598575193591064	-0.06815055904415834	-0.2906213647255766	-0.3390408812083504	-0.14577758660013207	-0.09958618785085209	-0.07812950082595461	-0.13680560136971773	0.05074560325778725	0.15342395183653268	0.05028378651311046	0.023405756832404943	0.058493582275311075	0.0249104636497216	0.005725065133519317	0.08993825362351965	-0.05502597724348715	-0.011302412600167965	0.07791697994554113	-0.056387534145773265	-0.07375233005595451	0.10603009256284524	0.11885600786512629	0.2809701000396955	0.4506471359953963	0.608990449142916	0.8349772811673217	1.0	0.5434016386112162	0.5901760634298303	0.511167841029413	0.2638504994145314	0.1531376272516275	0.0666844232391019	-0.020151477129337906	0.16341442812587267
ALA122	-0.13965901329280572	-0.06636315847966409	-0.003791002765652686	0.06110725366161196	0.11469838587355907	0.07204831696087491	-0.034101966807853226	-0.12478157151026353	-0.056925341207351	-0.03334904243723871	0.058802408100764744	0.05852379772775989	0.0381317181705175	0.015574618395368497	0.1635720942554051	0.14321300600015374	0.009715024604212875	-0.10728495526042828	-0.25360463235102615	-0.18867430379139535	-0.18309105044546187	-0.24507671091886515	-0.256503436711459	-0.1538925689369047	-0.13679007922465908	-0.06759449338232404	-0.1304291456493298	-0.24075176849331067	-0.13256265846955018	-0.16135492454650827	-0.22576992225486905	-0.252505736766134	-0.34073011267426695	-0.3239392728146558	-0.24555563575346095	-0.1760915526279715	-0.21323841265399224	-0.20755624136390594	-0.12922999078061598	-0.16232603879805296	-0.18210824914855547	-0.10332940488713374	-0.06885957356775316	0.03634727025731049	0.05702759978758671	0.030543344122942535	0.05959664261781	0.1408143851123539	0.12107382684120507	0.17534572905228277	0.06501493507210324	-0.045613082567886966	-0.11885293670078474	-0.14637085244275777	-0.24513832813225975	-0.1585325941587518	-0.09203770808188595	0.019284192305220993	0.039718860104058874	0.16340462071203235	0.19844064125946792	0.12027792579067166	0.11693368326588086	0.06698441994093429	0.17058403225487123	0.05592547949560855	0.1479272704236203	0.13571984006209153	0.20102004121523384	0.10889656191347358	0.1658395995650626	0.0743644605753207	-0.016302034852886296	0.020040821126978053	0.07287975624882101	0.07064804804386304	0.03103033831945443	-0.028301891942690737	0.008262170192444473	-0.022414591004317627	0.08239973629066792	0.029560741169912978	-0.04356905190202922	-0.09914992619170954	-0.04357432312215671	-0.10230205255395182	-0.11226216174542367	-0.1665936118899059	-0.1696266140067994	-0.049957344024373844	-0.04715175600921372	-0.1147721689033291	-0.07561770754670524	0.026046643934997938	-0.09106826290924379	-0.1732821866654068	-0.09806033688677414	-0.12043693673668886	-0.18228423074979924	-0.18393655474263024	-0.23273279687266402	-0.04344253754169027	0.11706102654158602	-0.026967463348314093	-0.17076221791205407	-0.13377337995440128	-0.15246169080909897	-0.2872876522066038	-0.1875301976338432	-0.25710844773486335	-0.15299276840149414	-0.05313903068620621	-0.12329971061212991	-0.04053585521307858	-0.007879394883472867	-0.06624368892368016	-0.019756179513691362	0.055656755434153486	0.18751349109243284	0.47213354683141623	0.5434016386112162	1.0	0.45070622681816813	0.2419300661851123	0.3854238197457204	0.19613083586199534	0.18003955418189063	0.04982197468662725	0.067294947482534
TRP123	-0.031014147422400436	-0.09665228724048008	-0.09543607001889778	-0.07941222866825497	0.1245525314289551	0.10009093250563514	0.03216198290559744	-0.017188815327845823	-0.174286538823961	-0.1119185568853406	0.007303810673366792	-0.036909515271990705	-0.14734800441628992	-0.08770550963461426	-0.0503786855346944	-0.07083142797596395	-0.14805728608507823	-0.08583320647293308	-0.12148431311347149	-0.16479622961032783	-0.15355602483699982	-0.036580894583296414	-0.06957216729999499	0.04493245236687598	0.09791823615566461	0.15195348076372003	0.1512919330373502	0.14260694675498006	0.1645963949187898	0.10698725782375468	0.06539758986549848	0.04791904532831502	-0.06663084111822935	-0.02476630508107216	-0.2289339825050498	-0.28756785601661095	-0.266819233612447	-0.20916374180438968	-0.19427134480189925	-0.2608572562610125	-0.4097313557346389	-0.2974333037309944	-0.238151623936717	-0.2724308004233126	-0.10540130055482141	-0.11842525175291028	-0.06192807585656304	0.02528797864232572	0.1255865960777862	0.14821659902320825	-0.09883760598003363	-0.3638260592195883	-0.4218687255427859	-0.30076116872329667	-0.38554783641169543	-0.30397397377485974	-0.3336777122655096	-0.2525158059144744	-0.24426054944525377	-0.11707527082218494	-0.13901429865900589	-0.14263453991151662	-0.12561152989255395	-0.13923045082110824	-0.05494277874739053	-0.15967707820719582	-0.07699259903815865	-0.09782635340864029	0.016033593391484413	-0.06383723100859147	0.04354811260631906	-0.05763698244616705	-0.14519570917210253	-0.16051416532935062	-0.12640999913657863	-0.15650239438890268	-0.07471000671735387	-0.10297148476313538	-0.04767907637856761	-0.09432305826358743	-0.08031845236703408	-0.0910110539686918	-0.15219680071534591	-0.1653120188346425	-0.07667540224721611	-0.004085278984205966	-0.11342525205336987	-0.10289961716131894	-0.15626858328192839	-0.10335451360313812	-0.013866517792048156	0.031810974553962125	-0.1419844844492184	-0.11651197442143676	0.03409488693483984	-0.12482432039760573	-0.21220533079939083	-0.08083633435258679	0.016825665407933194	0.06208954634751545	-0.011936303453776933	0.16609244560834957	0.2610061525094091	0.1312389752049489	0.07145204734331669	0.13461894816355394	0.06484242389222025	0.06530362197964501	0.11459745536112613	-0.05649513532190944	-0.005745406717124956	0.06163031793978035	-0.05594092352207768	-0.10651750422413843	-0.009580077515085956	0.1610425531566824	0.4602977917965286	0.5247656921894219	0.5115414599986705	0.6480063157861796	0.5901760634298303	0.45070622681816813	1.0	0.6069271508061075	0.2936885408750525	0.19531194113123299	0.031266756741509895	-0.10634023758829962	0.17545608731109452
ILE124	-0.13927767880073408	-0.17028575234434715	-0.07941175920593287	-0.019156607337779352	0.18177967798721253	0.3624661616555754	0.26171424912567365	0.22189004447265168	0.1865720226923697	0.29344279615545804	0.34909608891959587	0.24031304721877078	0.2157451703039903	0.27761421725649305	0.05596664566382986	-0.1629760440275811	-0.1767931155700713	-0.19042617972741452	-0.2539719183572102	-0.2789381160431996	-0.28394878616069397	-0.19831752269652786	-0.1308368497658573	-0.010252506268929757	0.1092954349151772	0.08692107042224302	0.02982211654280461	0.004811882498732533	-0.08187373995264888	-0.1640632451775093	-0.12408572526767409	-0.10242872118076121	-0.17778671148694847	0.05888037878987771	-0.1075639649386364	-0.17701850500785304	-0.2671845851610457	-0.20286157043421796	-0.22780822609630758	-0.3353415576767313	-0.26719158988845276	-0.12267050347840266	-0.3135523394934283	-0.45458517130569587	-0.4426052424303295	-0.45374406825024255	-0.35031562075667	-0.2889706886965581	-0.22601391914775165	-0.22763560350295803	-0.186118338628424	-0.20739517938487728	-0.2785866983371592	-0.23740720261360534	-0.35736277887867635	-0.3250365410036109	-0.22337317551055758	-0.23824229248073234	-0.2032789565057906	-0.09280422339505186	0.013492916469171567	-0.10119898710500776	-0.08940387260930181	-0.12045017038939858	-0.009805354281587108	-0.06234268778466606	0.0469612147840985	0.06094159924887392	-0.033407568921149614	-0.09476398607343126	-0.051440297947240705	-0.24810301125477302	-0.2211436739262504	-0.13420618583036603	-0.05143243426991629	-0.1721541745373862	-0.1069954064790521	-0.0583424429110129	-0.0065651452675094145	0.0073234262785817385	0.042893936162123746	-0.009487778148209069	0.0008198946847518047	-0.07468639622850266	0.008216025611861686	0.13617828208398794	-0.17508718164829806	-0.14967694529907227	-0.2583575375512521	-0.2211849054295523	-0.1193223166525584	-0.24723370522770846	-0.34961270661558186	-0.2700355639546951	-0.13815181082990038	-0.36518476044430154	-0.38040164269201965	-0.09514874988315852	-0.05016612578158863	0.01878483083292086	0.08069227948452383	0.27869853137981687	0.2900769156544441	0.14684131719498375	0.10586917116939629	0.23038372500353915	0.13868506660655494	0.051871254581098904	0.052158066822339394	-0.022118637733034168	-0.062376031912793874	0.008432570327383655	-0.0332591763914981	-0.10993235478177925	-0.035898164261435855	0.01090093025889134	0.27588270505093837	0.2773052528376724	0.47569262437869997	0.5018683403672429	0.511167841029413	0.2419300661851123	0.6069271508061075	1.0	0.71806898178078	0.4716951276604157	0.41400454975761247	0.3094554106051242	0.5722168215972099
ARG125	-0.09395919682720419	-0.073976016428123	0.008148643362385863	0.05493325937415473	0.1755822665233084	0.37057718046846627	0.15166450042435525	0.13354024535324965	0.24169556426345384	0.27144137451326417	0.27818334107163933	0.22159680860432016	0.21998704853730064	0.2840420446837664	0.13564288257464419	-0.07342208149614397	-0.11869126485010482	-0.2674211753014255	-0.3371630003929113	-0.2738022727185914	-0.2691967414681766	-0.3183443244947798	-0.24616603124509168	-0.16087366265663808	-0.12473424776302806	-0.13851212741144497	-0.1842341314685936	-0.25556017332947323	-0.30220897647616657	-0.36307616271023707	-0.35519439276754483	-0.32464839567236853	-0.3619172062546161	-0.20488793656008275	-0.21348663863289197	-0.15108247622050966	-0.28841861910767586	-0.1826611137594749	-0.13525092138660666	-0.13881133102788598	-0.06963247283657706	0.004267665792462764	-0.1567722392200423	-0.23304241403123446	-0.36061815104115214	-0.3780759410736801	-0.305587921350595	-0.23901164626775945	-0.26679105256336666	-0.260182711802482	-0.09284388087571767	0.01914804439583508	-0.011191795963228793	-0.03303283134766084	-0.1747660469642552	-0.1852470255468271	-0.06419500529922827	-0.056622935267408775	0.007545961641520688	0.04315642182290712	0.1585913708605526	0.04548167748124848	0.10732959636516308	0.0899365994369639	0.17030965249616228	0.07840232208329473	0.16262686384712302	0.155004847987704	-0.0708324584432169	-0.08541612174328847	-0.05836335164427843	-0.14430934291111364	-0.07901149840839984	0.0682874248388714	0.11138321487446808	0.017384039506031398	0.05226554387749688	0.11360113037974527	0.1324587394281017	0.13345794369478423	0.22425155127694457	0.13945518849443633	0.08263105867802883	-0.031664117784937565	0.03659768528122729	0.06399707746065564	-0.19553396321330543	-0.17106571685764255	-0.25800148565150643	-0.15291841516421434	-0.17255592079252347	-0.4038461849257305	-0.3145681579704455	-0.15510250928135852	-0.19197672637471902	-0.3385747535526354	-0.2254654203460517	-0.002716242531635107	-0.10196081184581851	-0.06543752389496214	0.05979119170211982	0.17085541628155193	0.22410584842298464	0.06693686301176434	0.026220601841867783	0.1360625926484084	0.08367768614803402	-0.10544803027686701	-0.07279212262005866	-0.12012833851012215	-0.1584191759184531	-0.11523273742413447	-0.13143680869368715	-0.1048998460722913	-0.0762408593811723	-0.15606495875085308	-0.018209305528779595	-0.055566057538815244	0.22649379868523772	0.19971346454902775	0.2638504994145314	0.3854238197457204	0.2936885408750525	0.71806898178078	1.0	0.6947708940080985	0.6011074772517822	0.40409441527918877	0.4291323934930722
GLY126	-0.15943246658712065	-0.10992186153458	-0.09602860701639748	-0.012325066099958162	0.23562768836215972	0.37227896752210776	0.11036664306099188	0.14597221602527372	0.21234986165853584	0.1694290281536025	0.17878723679872657	0.08699229823113754	0.06943948761798974	0.11300556326215892	0.04793988958138692	-0.1605919979874484	-0.12195722493075128	-0.16178935632035157	-0.1991303266201101	-0.1588436916391084	-0.18406386919628448	-0.19521249072965474	-0.13661582917959805	-0.08152787648459593	-0.08391048277503838	-0.10078726509195089	-0.16029105328478974	-0.15769934646486902	-0.17385998762605667	-0.20105205335633058	-0.24614042377030637	-0.2392467469249891	-0.1574370668931447	-0.16242304974066543	-0.26776311476307535	-0.21206342225249963	-0.2681263906487539	-0.23948023151588058	-0.2820171544902728	-0.1918566296769442	-0.15022129525626884	-0.15692252655314007	-0.20990779551456676	-0.15662266547367248	-0.16109392692404814	-0.1862936136587184	-0.15020424697596746	-0.08459927978678082	-0.05700744907705423	-0.07493292819018318	-0.011691096365943275	-0.04831627011993481	-0.08074293131853766	-0.12297489350426438	-0.1988977300982636	-0.19561481658018653	-0.17657764600434367	-0.10071794579344032	-0.012494799024282922	0.07051792019243139	0.16879880047160017	0.12881400401316526	0.10029052662090754	0.044958469900865244	0.1092712940653531	0.009275790578101614	0.12683281262313134	0.10960674448514188	-0.003922050667389132	0.017372096970061673	0.08437350010582914	0.02084308302194591	0.0819989538385923	0.104787552455495	0.16545490903871113	0.06923853634397176	0.08769114366072152	0.08077808423958145	0.07007680972523683	0.009530562718810393	0.07076945879948698	-0.00031281378353972307	-0.10969786703557241	-0.21130051120906235	-0.14741662949054482	-0.1110189115971505	-0.25968195538153693	-0.2619685641322247	-0.25092848698150977	-0.09468171743532135	-0.2096988150070097	-0.310801870768201	-0.1828798960290488	-0.1268071721097429	-0.18433153891154908	-0.2619250977920519	-0.20989501253206416	-0.07721624443722165	-0.1686369946035507	-0.12456607665955687	0.032096243940685554	-0.00901416015657723	0.029658212212429022	-0.06088065133798877	-0.03691758430376663	0.036690203286680434	0.028684822544114717	-0.09595594684996851	0.006928292116320973	-0.054755026988484064	-0.09760053166735008	-0.10476214496376346	-0.044602332926816333	0.0068196464145427885	-0.007495668057544611	-0.06664360579250085	0.06514356441639996	0.054442618622965226	0.19323981275318206	0.10729479861558866	0.1531376272516275	0.19613083586199534	0.19531194113123299	0.4716951276604157	0.6947708940080985	1.0	0.7409315704247743	0.5070124350180263	0.3150571194506078
CYS127	-0.17313722134259943	-0.05388302597247708	-0.012102530818598627	0.1122818881499378	0.26116754989801605	0.47471714881984994	0.16809635593273506	0.18125551982563914	0.30019045484393836	0.2369026471028318	0.2229655419118562	0.17367238079075464	0.17003559408636165	0.1675877882700634	0.022350967655339633	-0.14435692318360782	-0.003902681513586028	-0.11284827806428152	-0.27123314954965655	-0.21903989037009772	-0.25683915774810007	-0.2886054589123348	-0.17529869011515525	-0.07304457055525196	-0.1025518546118337	-0.1067146979480323	-0.1694873153873476	-0.17113377252165296	-0.2024813102632214	-0.26754748896722536	-0.2728503487204261	-0.2173800055006499	-0.17459403352092062	-0.1232922586721442	-0.2004047560967012	-0.12548076393767954	-0.18130912985215755	-0.1094613853014523	-0.21387387588399506	-0.21438746264242997	-0.11401938779917578	-0.10226033468985987	-0.2083263267763188	-0.22938579904467846	-0.23826466414324537	-0.24006746231093684	-0.17543161635714027	-0.14354167420946784	-0.10903711171108568	-0.13248898645873136	-0.032090640349581055	-0.004836241787158867	-0.01488626653302384	-0.10962728304011321	-0.18582054011032878	-0.17718478863208972	-0.08796786045159084	-0.08284796674445544	-0.008402459103819145	0.1456799884374964	0.25057867588423494	0.17268484705995232	0.11453879210243566	0.07039078617891932	0.1203379427351316	0.09132385488321437	0.18395312023007365	0.20813022545548138	0.09146368878191725	0.06522596926963792	0.10760385528858865	0.06157556954213143	0.07535991214879148	0.05204347533378627	0.15996409184349566	0.05252238110780593	0.017159355504469946	0.014438133105296	0.03625913002007164	0.09031164678329266	0.13130606744157397	0.016174357747450255	-0.05594903553807645	-0.13462995259417188	-0.11439576721029633	-0.0683398352499807	-0.2309352321968382	-0.2222647615131914	-0.2300187919473124	-0.10999914259881709	-0.202180528718516	-0.3098979710298599	-0.1784398849031261	-0.12951224967700042	-0.2067601375920738	-0.2174543827751995	-0.1903082590491278	-0.15929381857991284	-0.26204476706820823	-0.21475006279719916	-0.017889392258581046	0.045352228125319485	-0.03537760481772831	-0.08969149036523923	-0.10058301803104402	0.01997811705928194	0.014660780635213628	-0.15402530475566942	-0.09012539966188612	-0.12806714329307398	-0.2000771011776097	-0.15723793951946657	-0.07402403427052646	-0.02387996913845368	-0.0679846127366552	-0.1710331072948974	-0.060642599650885816	-0.11545568177751081	0.007623450902288195	0.0028399550528141145	0.0666844232391019	0.18003955418189063	0.031266756741509895	0.41400454975761247	0.6011074772517822	0.7409315704247743	1.0	0.7703980920855988	0.5055775404126811
ARG128	-0.20385735407218533	-0.043304129083161856	-0.07506037778811692	0.02370926595901483	0.12222314988864874	0.3354893493944443	0.16059411417880684	0.1874293375666311	0.3385507017503705	0.2593993760385108	0.24369187102133397	0.19229103132682782	0.1913882747876233	0.21074205486514647	0.04090322430316209	-0.13009951526120858	-0.010764098303862452	-0.10503901308251108	-0.22163229094535938	-0.1924868371017839	-0.22927241550230565	-0.2357819108152879	-0.17448148453534057	-0.05608752586894623	-0.1103175824791422	-0.09177493250277834	-0.14831682330538767	-0.12335963657382931	-0.20019859361486742	-0.26318612302841765	-0.23832667400084306	-0.1344500964988692	-0.08440456136034244	0.009196282097864723	-0.07967509041194787	-0.00407662370400958	-0.05848241032987002	-0.05751721934198985	-0.18347528782434008	-0.1905162204371057	-0.08442310206136071	-0.0535233401612102	-0.18803429243895614	-0.2028113804120705	-0.19805028327402083	-0.20168555305210156	-0.13192481799454867	-0.1373134362230873	-0.04707843939100939	-0.13380952874073718	-0.013354057754991185	0.017727541268452357	-0.012924595925125367	-0.05726913264900557	-0.10836873526695821	-0.12591891248594647	-0.050849476176838944	-0.12514470204289882	-0.07718831986975962	0.13375529107169995	0.21419164304272845	0.13515533446425057	0.053983344149750145	0.021983178176166643	0.08427433820341955	0.125372263801407	0.2168212074818149	0.22076962384189147	0.11911388290254832	0.05863319699597023	0.10581575915322437	0.09575883204351089	0.09864426484592795	0.06975019936432415	0.1480420510163745	0.010717747088254891	-0.03271068833985447	-0.012305595699871332	0.004191253117442345	0.03648275408088913	0.012683234178509575	-0.08850396009253461	-0.16456915326184168	-0.18211530807798051	-0.2163630605391966	-0.13228399886063555	-0.22548617358536424	-0.19052777281114477	-0.19089325235620722	-0.14716765519193406	-0.1623514113858817	-0.2397895494944453	-0.1827932356152689	-0.16528800476982813	-0.23090697241945554	-0.18149844278379892	-0.16076887631012224	-0.2217867728396719	-0.28921951602866786	-0.22209477709793823	0.04730196967109565	0.0821753048706525	-0.08634652810723054	-0.07502046485096348	-0.08740038331117465	0.022212368005842392	0.01944826606368847	-0.10617499425711022	-0.032207926056097895	-0.04697706747409425	-0.17343743535284906	-0.09936684648818161	0.0023079749210992394	-0.037846850708208486	-0.14322424506445233	-0.10155052792740785	-0.01891946934029575	-0.13553447819539266	-0.09907601768010925	-0.06553518668153557	-0.020151477129337906	0.04982197468662725	-0.10634023758829962	0.3094554106051242	0.40409441527918877	0.5070124350180263	0.7703980920855988	1.0	0.6074846348227377
LEU129	-0.12294379759480381	-0.09600809856965721	-0.06899489138681618	0.0015822432907009784	0.08791516635394377	0.28707364524152723	0.14463417105632967	0.17970817843664563	0.24660332979254862	0.3110845292799366	0.305369011598346	0.24013495209854677	0.23716039465721028	0.2188941767184883	-0.10659850626693158	-0.23108758762762965	-0.17305944710966606	-0.23600373549820683	-0.2892025372313349	-0.3064649810141712	-0.2573523698663802	-0.22988581619355106	-0.24953307366356936	-0.11563436819738698	-0.04808955208565456	-0.0071821558070764265	-0.11354810153081711	-0.026597555771387744	-0.09850160922394091	-0.21489643951252616	-0.11460540302849477	-0.0842418985688854	-0.1309026120508125	0.14383065525269742	-0.02874402236213652	-0.029616553462290543	-0.14977411382175068	-0.07416595270267427	-0.175519985335206	-0.2701773138221875	-0.18213516109580163	-0.07820420445878437	-0.23671015698640224	-0.46723623354721067	-0.40390191060341635	-0.3288816077038089	-0.18557917249316921	-0.18330660927529704	-0.10821141936806801	-0.17648297021412793	-0.12814562965725734	-0.08984955915783316	-0.13346143426217857	-0.14366995496424956	-0.2485839499047384	-0.235305743931902	-0.10564112201098946	-0.09994710907691755	-0.0987283178474077	0.13252941392755788	0.1440352877602612	0.03448479452226297	-0.013306488310102855	0.007389657769512954	0.0356168867613499	0.05982411557006798	0.1519484914017513	0.18233798402424253	0.18222969323393434	0.0823105252495166	-0.04723054492874418	-0.20334451677177723	-0.16862773090472188	-0.05959677334479024	0.023385860572383805	-0.04845983073646326	-0.033967816994777356	-0.008688734129668283	-0.005785770465118808	0.14617553035574757	0.1673858970676331	0.06341384931176162	0.10817508812114073	0.10519375422367197	0.04693974303869351	0.23098523827168999	-0.018007867630009153	-0.04802322718761095	-0.2031008579420777	-0.17924466339691406	-0.041013662913328225	-0.13673729564904014	-0.23842349576245703	-0.1686590142007122	-0.09023279164867215	-0.16104019381074716	-0.24258832761926846	-0.11501900774131744	-0.14145323469914614	-0.105165722840698	0.16119208124468531	0.22219154839026106	0.08898784923769586	-0.04286954630026167	-0.13552929221936477	0.0595396524363357	0.04581630705849328	-0.041768533156904715	-0.06626379294006023	-0.21051986736771275	-0.31866971127288746	-0.14878481162472895	-0.17320414024765435	-0.3321854086056638	-0.30070368517886964	-0.1427346181031765	0.11676513736414709	0.005273478702701223	0.05141459414529174	0.1177153937075508	0.16341442812587267	0.067294947482534	0.17545608731109452	0.5722168215972099	0.4291323934930722	0.3150571194506078	0.5055775404126811	0.6074846348227377	1.0
